{"dictNodes":{"0":{"name":"Start","next":"28116","tru":"True","index":"0","posX":"-24.24621","posY":"3.387708","minimized":"False","advance_mode":"OnClick","type":"start"},"4":{"content":"Hello Kate!\n\nWelcome to Trapezoid Health!\nI am Daniel, the managing director of the company.","owner":"Boss","speaking":"True","name":"Dialogue","next":"17","tru":"True","index":"4","posX":"1.521544","posY":"2.128882","minimized":"False","advance_mode":"OnClick","type":"dialogue"},"17":{"content":"Congratulations on your new job as a Supply Chain Director.","owner":"Boss","speaking":"True","name":"Dialogue","next":"23137","tru":"True","index":"17","posX":"5.3405","posY":"2.421456","minimized":"False","advance_mode":"OnClick","type":"dialogue"},"46":{"nextScript":"Tutorial 1","transitionText":"Kate's Office","variablePairs":"","name":"end","next":"-1","tru":"True","index":"46","posX":"60.47186","posY":"2.040446","minimized":"False","advance_mode":"OnClick","type":"end"},"293":{"content":"Now let me show you your office.","owner":"Boss","speaking":"True","name":"Dialogue","next":"46","tru":"True","index":"293","posX":"56.84711","posY":"1.93068","minimized":"False","advance_mode":"OnClick","type":"dialogue"},"23137":{"content":"Your task is to allocate {drugName} inventory to meet our demand, and to keep sufficient inventory by ordering {drugName} from our supplier.","owner":"Boss","speaking":"True","name":"Dialogue","next":"26264","tru":"True","index":"23137","posX":"8.888397","posY":"2.403288","minimized":"False","advance_mode":"OnClick","type":"dialogue"},"23139":{"content":"Just keep in mind that our customers might change the way they order from us based on how we deliver their products.","owner":"Boss","speaking":"True","name":"Dialogue","next":"24303","tru":"True","index":"23139","posX":"30.76252","posY":"3.933557","minimized":"False","advance_mode":"OnClick","type":"dialogue"},"24121":{"content":"You can review your goal by clicking on this button.","owner":"Boss","speaking":"True","name":"Dialogue","next":"28868","tru":"True","index":"24121","posX":"23.42462","posY":"2.02689","minimized":"False","advance_mode":"OnClick","type":"dialogue"},"24122":{"customEventName":"goal_button","eventDetails":"goal_button","startsActive":"False","takesFocus":"True","eventType":"ObjectClick","name":"Event","next":"24343","tru":"True","index":"24122","posX":"-4.859221","posY":"-3.903239","minimized":"False","advance_mode":"OnClick","type":"event"},"24132":{"actionTarget":"goal_button","actionName":"ChangeScaleBy","action_widthchange":"1.2","action_heightchange":"1.2","action_time":"0.5","action_easing":"ease_out_bounce","name":"Action","next":"24136","tru":"True","index":"24132","posX":"14.76327","posY":"-10.23418","minimized":"False","advance_mode":"WhenCompleted","type":"action"},"24133":{"actionTarget":"goal_button","actionName":"ChangeScaleBy","action_widthchange":"1/1.2","action_heightchange":"1./1.2","action_time":"0.5","action_easing":"ease_out_bounce","name":"Action","next":"24134","tru":"True","index":"24133","posX":"21.30575","posY":"-10.27544","minimized":"False","advance_mode":"WhenCompleted","type":"action"},"24134":{"actionTarget":"goal_button","actionName":"ChangeScaleBy","action_widthchange":"1.2","action_heightchange":"1.2","action_time":"0.5","action_easing":"ease_out_bounce","name":"Action","next":"24135","tru":"True","index":"24134","posX":"24.9495","posY":"-10.2844","minimized":"False","advance_mode":"WhenCompleted","type":"action"},"24135":{"actionTarget":"goal_button","actionName":"ChangeScaleBy","action_widthchange":"1/1.2","action_heightchange":"1/1.2","action_time":"0.5","action_easing":"ease_out_bounce","name":"Action","next":"-1","tru":"True","index":"24135","posX":"28.326","posY":"-10.2562","minimized":"False","advance_mode":"WhenCompleted","type":"action"},"24136":{"action":"play_sound","clipName":"Correct Ding","volume":"1","name":"Sound","next":"24133","tru":"True","index":"24136","posX":"18.0335","posY":"-10.23107","minimized":"False","advance_mode":"Instantly","type":"sound"},"24138":{"functionName":"goal_button_ding","takesFocus":"True","name":"Make Function","next":"24143","tru":"True","index":"24138","posX":"3.957495","posY":"-10.15056","minimized":"False","advance_mode":"OnClick","type":"customfunction"},"24139":{"action":"play_sound","clipName":"Correct Ding","volume":"1","name":"Sound","next":"24132","tru":"True","index":"24139","posX":"11.36398","posY":"-10.26338","minimized":"False","advance_mode":"Instantly","type":"sound"},"24140":{"functionType":"CustomFunction","functionDetail":"goal_button_ding","functionDetail2":"","functionDetail3":"","functionDetail4":"","functionDetail5":"","name":"Call Function","next":"24141","tru":"True","index":"24140","posX":"16.79832","posY":"1.7088","minimized":"False","advance_mode":"OnClick","type":"callfunction"},"24141":{"functionType":"ActivateEvent","functionDetail":"goal_button","functionDetail2":"","functionDetail3":"","functionDetail4":"","functionDetail5":"","name":"Call Function","next":"24121","tru":"True","index":"24141","posX":"19.89045","posY":"1.815854","minimized":"False","advance_mode":"OnClick","type":"callfunction"},"24143":{"actionTarget":"goal_button","actionName":"Visibility","action_hidden":"False","name":"Action","next":"24139","tru":"True","index":"24143","posX":"7.729846","posY":"-10.21376","minimized":"False","advance_mode":"Instantly","type":"action"},"24149":{"actionTarget":"goal_panel","actionName":"ChangeScaleBy","action_widthchange":"20","action_heightchange":"15","action_time":"0.5","action_easing":null,"name":"Action","next":"24150","tru":"True","index":"24149","posX":"11.4449","posY":"-3.923295","minimized":"False","advance_mode":"Instantly","type":"action"},"24150":{"actionTarget":"goal_panel","actionName":"MoveBy","action_x-difference":"160","action_y-difference":"-100","action_time":"0.5","action_easing":null,"name":"Action","next":"24153","tru":"True","index":"24150","posX":"18.59449","posY":"-3.914444","minimized":"False","advance_mode":"WhenCompleted","type":"action"},"24153":{"actionTarget":"goal_Text","actionName":"TypeText","action_text":"Goal: Maximize Revenue and Minimize Cost!\t\t\n\nTotal sales revenue:\t${TotalSalesCum}\nTotal Cost: \t${costTotalCum}\nNet Profit:\t${profit}\n\n<i>Allocate {drugName} inventory to meet current demand in order to maximize sales revenue.</i>","action_type-speed":"0","name":"Action","next":"24178","tru":"True","index":"24153","posX":"22.08448","posY":"-3.946643","minimized":"False","advance_mode":"OnClick","type":"action"},"24160":{"actionTarget":"goal_panel","actionName":"Visibility","action_hidden":"False","name":"Action","next":"24149","tru":"True","index":"24160","posX":"7.757041","posY":"-3.898684","minimized":"False","advance_mode":"Instantly","type":"action"},"24162":{"actionTarget":"goal_Text","actionName":"ChangeScaleBy","action_widthchange":"20","action_heightchange":"15","action_time":"0.5","action_easing":null,"name":"Action","next":"24150","tru":"True","index":"24162","posX":"14.96502","posY":"-4.10124","minimized":"False","advance_mode":"Instantly","type":"action"},"24163":{"actionTarget":"goal_panel","actionName":"ChangeScaleBy","action_widthchange":"1/20","action_heightchange":"1/15","action_time":"0.5","action_easing":null,"name":"Action","next":"24165","tru":"True","index":"24163","posX":"28.33387","posY":"-3.906088","minimized":"False","advance_mode":"Instantly","type":"action"},"24164":{"actionTarget":"goal_Text","actionName":"ChangeScaleBy","action_widthchange":"1/20","action_heightchange":"1/15","action_time":"0.5","action_easing":null,"name":"Action","next":"24165","tru":"True","index":"24164","posX":"31.88785","posY":"-4.597986","minimized":"False","advance_mode":"Instantly","type":"action"},"24165":{"actionTarget":"goal_panel","actionName":"MoveBy","action_x-difference":"-160","action_y-difference":"100","action_time":"0.5","action_easing":null,"name":"Action","next":"24166","tru":"True","index":"24165","posX":"35.2428","posY":"-3.873295","minimized":"False","advance_mode":"AfterTime_0.4","type":"action"},"24166":{"actionTarget":"goal_panel","actionName":"Visibility","action_hidden":"True","name":"Action","next":"24187","tru":"True","index":"24166","posX":"38.48497","posY":"-3.864733","minimized":"False","advance_mode":"Instantly","type":"action"},"24178":{"actionTarget":"goal_Text","actionName":"TypeText","action_text":"","action_type-speed":"0","name":"Action","next":"24163","tru":"True","index":"24178","posX":"25.32032","posY":"-3.960111","minimized":"False","advance_mode":"Instantly","type":"action"},"24186":{"functionType":"DeactivateEvent","functionDetail":"goal_button","functionDetail2":"","functionDetail3":"","functionDetail4":"","functionDetail5":"","name":"Call Function","next":"24344","tru":"True","index":"24186","posX":"1.415562","posY":"-3.959573","minimized":"False","advance_mode":"OnClick","type":"callfunction"},"24187":{"functionType":"ActivateEvent","functionDetail":"goal_button","functionDetail2":"","functionDetail3":"","functionDetail4":"","functionDetail5":"","name":"Call Function","next":"24357","tru":"True","index":"24187","posX":"41.85402","posY":"-3.8973","minimized":"False","advance_mode":"OnClick","type":"callfunction"},"24284":{"actionTarget":"face_smiling","actionName":"ChangeScaleBy","action_widthchange":"1.2","action_heightchange":"1.2","action_time":"0.5","action_easing":"ease_out_bounce","name":"Action","next":"24288","tru":"True","index":"24284","posX":"12.91684","posY":"-46.04327","minimized":"False","advance_mode":"WhenCompleted","type":"action"},"24285":{"actionTarget":"face_smiling","actionName":"ChangeScaleBy","action_widthchange":"1/1.2","action_heightchange":"1/1.2","action_time":"0.5","action_easing":"ease_out_bounce","name":"Action","next":"24286","tru":"True","index":"24285","posX":"19.60152","posY":"-46.08892","minimized":"False","advance_mode":"WhenCompleted","type":"action"},"24286":{"actionTarget":"face_smiling","actionName":"ChangeScaleBy","action_widthchange":"1.2","action_heightchange":"1.2","action_time":"0.5","action_easing":"ease_out_bounce","name":"Action","next":"24287","tru":"True","index":"24286","posX":"23.1247","posY":"-46.05317","minimized":"False","advance_mode":"WhenCompleted","type":"action"},"24287":{"actionTarget":"face_smiling","actionName":"ChangeScaleBy","action_widthchange":"1/1.2","action_heightchange":"1/1.2","action_time":"0.5","action_easing":"ease_out_bounce","name":"Action","next":"-1","tru":"True","index":"24287","posX":"26.51126","posY":"-45.98052","minimized":"False","advance_mode":"WhenCompleted","type":"action"},"24288":{"action":"play_sound","clipName":"Correct Ding","volume":"1","name":"Sound","next":"24285","tru":"True","index":"24288","posX":"16.18707","posY":"-46.04017","minimized":"False","advance_mode":"Instantly","type":"sound"},"24289":{"functionName":"face_ding","takesFocus":"True","name":"Make Function","next":"24291","tru":"True","index":"24289","posX":"2.111064","posY":"-45.95966","minimized":"False","advance_mode":"OnClick","type":"customfunction"},"24290":{"action":"play_sound","clipName":"Correct Ding","volume":"1","name":"Sound","next":"24284","tru":"True","index":"24290","posX":"9.517546","posY":"-46.07249","minimized":"False","advance_mode":"Instantly","type":"sound"},"24291":{"actionTarget":"face_smiling","actionName":"Visibility","action_hidden":"False","name":"Action","next":"24290","tru":"True","index":"24291","posX":"5.883408","posY":"-46.02285","minimized":"False","advance_mode":"Instantly","type":"action"},"24294":{"content":"You can check the sales revenue as well as inventory and backlog cost by clicking on this button.","owner":"Boss","speaking":"True","name":"Dialogue","next":"293","tru":"True","index":"24294","posX":"40.43468","posY":"1.970146","minimized":"False","advance_mode":"OnClick","type":"dialogue"},"24295":{"actionTarget":"button_dollar","actionName":"ChangeScaleBy","action_widthchange":"1.2","action_heightchange":"1.2","action_time":"0.5","action_easing":"ease_out_bounce","name":"Action","next":"24299","tru":"True","index":"24295","posX":"16.59127","posY":"-28.46548","minimized":"False","advance_mode":"WhenCompleted","type":"action"},"24296":{"actionTarget":"button_dollar","actionName":"ChangeScaleBy","action_widthchange":"1/1.2","action_heightchange":"1/1.2","action_time":"0.5","action_easing":"ease_out_bounce","name":"Action","next":"24297","tru":"True","index":"24296","posX":"23.26261","posY":"-28.37787","minimized":"False","advance_mode":"WhenCompleted","type":"action"},"24297":{"actionTarget":"button_dollar","actionName":"ChangeScaleBy","action_widthchange":"1.2","action_heightchange":"1.2","action_time":"0.5","action_easing":"ease_out_bounce","name":"Action","next":"24298","tru":"True","index":"24297","posX":"26.7858","posY":"-28.3821","minimized":"False","advance_mode":"WhenCompleted","type":"action"},"24298":{"actionTarget":"button_dollar","actionName":"ChangeScaleBy","action_widthchange":"1/1.2","action_heightchange":"1/1.2","action_time":"0.5","action_easing":"ease_out_bounce","name":"Action","next":"-1","tru":"True","index":"24298","posX":"30.21654","posY":"-28.29987","minimized":"False","advance_mode":"WhenCompleted","type":"action"},"24299":{"action":"play_sound","clipName":"Correct Ding","volume":"1","name":"Sound","next":"24296","tru":"True","index":"24299","posX":"19.8615","posY":"-28.46237","minimized":"False","advance_mode":"Instantly","type":"sound"},"24300":{"functionName":"info_button_ding","takesFocus":"True","name":"Make Function","next":"24302","tru":"True","index":"24300","posX":"5.785494","posY":"-28.38186","minimized":"False","advance_mode":"OnClick","type":"customfunction"},"24301":{"action":"play_sound","clipName":"Correct Ding","volume":"1","name":"Sound","next":"24295","tru":"True","index":"24301","posX":"13.19197","posY":"-28.49469","minimized":"False","advance_mode":"Instantly","type":"sound"},"24302":{"actionTarget":"button_dollar","actionName":"Visibility","action_hidden":"False","name":"Action","next":"24301","tru":"True","index":"24302","posX":"9.557845","posY":"-28.44506","minimized":"False","advance_mode":"Instantly","type":"action"},"24303":{"functionType":"CustomFunction","functionDetail":"info_button_ding","functionDetail2":"","functionDetail3":"","functionDetail4":"","functionDetail5":"","name":"Call Function","next":"24339","tru":"True","index":"24303","posX":"34.41982","posY":"2.145908","minimized":"False","advance_mode":"OnClick","type":"callfunction"},"24312":{"customEventName":"face_button","eventDetails":"button_Info","startsActive":"False","takesFocus":"True","eventType":"ObjectClick","name":"Event","next":"24349","tru":"True","index":"24312","posX":"-7.856724","posY":"-38.55678","minimized":"False","advance_mode":"OnClick","type":"event"},"24313":{"actionTarget":"face_panel","actionName":"ChangeScaleBy","action_widthchange":"20","action_heightchange":"15","action_time":"0.5","action_easing":null,"name":"Action","next":"24314","tru":"True","index":"24313","posX":"8.457527","posY":"-38.61975","minimized":"False","advance_mode":"Instantly","type":"action"},"24314":{"actionTarget":"face_panel","actionName":"MoveBy","action_x-difference":"160","action_y-difference":"-100","action_time":"0.5","action_easing":null,"name":"Action","next":"24315","tru":"True","index":"24314","posX":"15.50156","posY":"-38.63198","minimized":"False","advance_mode":"WhenCompleted","type":"action"},"24315":{"actionTarget":"face_Text","actionName":"TypeText","action_text":"\n<i>For each unit of {drugName}:\nprice is \t\t\t\t\t\t$5\ninventory cost is \t$1\nbacklog cost is \t\t$10</i>","action_type-speed":"0","name":"Action","next":"24322","tru":"True","index":"24315","posX":"18.83761","posY":"-38.07213","minimized":"False","advance_mode":"OnClick","type":"action"},"24316":{"actionTarget":"face_panel","actionName":"Visibility","action_hidden":"False","name":"Action","next":"24313","tru":"True","index":"24316","posX":"4.704724","posY":"-38.59514","minimized":"False","advance_mode":"Instantly","type":"action"},"24317":{"actionTarget":"face_Text","actionName":"ChangeScaleBy","action_widthchange":"20","action_heightchange":"15","action_time":"0.5","action_easing":null,"name":"Action","next":"24314","tru":"True","index":"24317","posX":"12.10268","posY":"-39.10989","minimized":"False","advance_mode":"Instantly","type":"action"},"24318":{"actionTarget":"face_panel","actionName":"ChangeScaleBy","action_widthchange":"1/20","action_heightchange":"1/15","action_time":"0.5","action_easing":null,"name":"Action","next":"24320","tru":"True","index":"24318","posX":"25.54133","posY":"-38.60254","minimized":"False","advance_mode":"Instantly","type":"action"},"24319":{"actionTarget":"face_Text","actionName":"ChangeScaleBy","action_widthchange":"1/20","action_heightchange":"1/15","action_time":"0.5","action_easing":null,"name":"Action","next":"24320","tru":"True","index":"24319","posX":"29.0953","posY":"-38.57491","minimized":"False","advance_mode":"Instantly","type":"action"},"24320":{"actionTarget":"face_panel","actionName":"MoveBy","action_x-difference":"-160","action_y-difference":"100","action_time":"0.5","action_easing":null,"name":"Action","next":"24321","tru":"True","index":"24320","posX":"32.45025","posY":"-38.56976","minimized":"False","advance_mode":"AfterTime_0.4","type":"action"},"24321":{"actionTarget":"face_panel","actionName":"Visibility","action_hidden":"True","name":"Action","next":"24362","tru":"True","index":"24321","posX":"35.69241","posY":"-38.5612","minimized":"False","advance_mode":"Instantly","type":"action"},"24322":{"actionTarget":"face_Text","actionName":"TypeText","action_text":"","action_type-speed":"0","name":"Action","next":"24318","tru":"True","index":"24322","posX":"22.33294","posY":"-38.65656","minimized":"False","advance_mode":"Instantly","type":"action"},"24325":{"customEventName":"info_button","eventDetails":"button_dollar","startsActive":"False","takesFocus":"True","eventType":"ObjectClick","name":"Event","next":"24346","tru":"True","index":"24325","posX":"-7.085206","posY":"-21.11557","minimized":"False","advance_mode":"OnClick","type":"event"},"24326":{"actionTarget":"info_panel","actionName":"ChangeScaleBy","action_widthchange":"20","action_heightchange":"31","action_time":"0.5","action_easing":null,"name":"Action","next":"24327","tru":"True","index":"24326","posX":"9.541253","posY":"-21.15452","minimized":"False","advance_mode":"Instantly","type":"action"},"24327":{"actionTarget":"info_panel","actionName":"MoveBy","action_x-difference":"160","action_y-difference":"-190","action_time":"0.5","action_easing":null,"name":"Action","next":"24328","tru":"True","index":"24327","posX":"16.67325","posY":"-20.91492","minimized":"False","advance_mode":"WhenCompleted","type":"action"},"24328":{"actionTarget":"info_Text","actionName":"TypeText","action_text":"\t\t\t\t\t\t\t\t\tLast Week\t\t\tCumulative\r\nSALES\r\n<i>Sales - HC1\t\t\t\t\t${HC1Sales}\t\t\t\t\t\t\t\t${HC1SalesCum}\r\nSales - HC2\t\t\t\t\t${HC2Sales}\t\t\t\t\t\t\t\t${HC2SalesCum}</i>\r\nTotal Sales\t\t\t\t\t${TotalSales}\t\t\t\t\t\t\t\t${TotalSalesCum}\r\n\r\nCOSTS\r\n<i>Inventory\t\t\t\t\t\t${invCost}\t\t\t\t\t\t\t\t${invCostCum}\r\nBacklog\t\t\t\t\t\t${backlogCost}\t\t\t\t\t\t\t\t${backlogCostCum}</i>\r\nTotal Cost\t\t\t\t\t${costTotal}\t\t\t\t\t\t\t\t${costTotalCum}\r\n\r\nNET PROFIT\t\t\t\t\t\t\t\t\t\t\t\t\t${profit}\r\n\r\n<i>For each unit of {drugName}:\r\nprice is \t\t\t\t\t\t$5\r\ninventory cost is \t$1\r\nbacklog cost is \t\t$10</i>","action_type-speed":"0","name":"Action","next":"24335","tru":"True","index":"24328","posX":"20.09966","posY":"-20.33078","minimized":"False","advance_mode":"OnClick","type":"action"},"24329":{"actionTarget":"info_panel","actionName":"Visibility","action_hidden":"False","name":"Action","next":"24326","tru":"True","index":"24329","posX":"5.788448","posY":"-21.12991","minimized":"False","advance_mode":"Instantly","type":"action"},"24330":{"actionTarget":"info_Text","actionName":"ChangeScaleBy","action_widthchange":"20","action_heightchange":"31","action_time":"0.5","action_easing":null,"name":"Action","next":"24327","tru":"True","index":"24330","posX":"13.05239","posY":"-22.38478","minimized":"False","advance_mode":"Instantly","type":"action"},"24331":{"actionTarget":"info_panel","actionName":"ChangeScaleBy","action_widthchange":"1/20","action_heightchange":"1/31","action_time":"0.5","action_easing":null,"name":"Action","next":"24333","tru":"True","index":"24331","posX":"26.66269","posY":"-21.04325","minimized":"False","advance_mode":"Instantly","type":"action"},"24332":{"actionTarget":"info_Text","actionName":"ChangeScaleBy","action_widthchange":"1/20","action_heightchange":"1/31","action_time":"0.5","action_easing":null,"name":"Action","next":"24333","tru":"True","index":"24332","posX":"30.13663","posY":"-21.98597","minimized":"False","advance_mode":"Instantly","type":"action"},"24333":{"actionTarget":"info_panel","actionName":"MoveBy","action_x-difference":"-160","action_y-difference":"190","action_time":"0.5","action_easing":null,"name":"Action","next":"24334","tru":"True","index":"24333","posX":"33.53398","posY":"-21.10454","minimized":"False","advance_mode":"AfterTime_0.4","type":"action"},"24334":{"actionTarget":"info_panel","actionName":"Visibility","action_hidden":"True","name":"Action","next":"24359","tru":"True","index":"24334","posX":"36.77615","posY":"-21.09597","minimized":"False","advance_mode":"Instantly","type":"action"},"24335":{"actionTarget":"info_Text","actionName":"TypeText","action_text":"","action_type-speed":"0","name":"Action","next":"24331","tru":"True","index":"24335","posX":"23.41667","posY":"-21.19133","minimized":"False","advance_mode":"Instantly","type":"action"},"24339":{"functionType":"ActivateEvent","functionDetail":"info_button","functionDetail2":"","functionDetail3":"","functionDetail4":"","functionDetail5":"","name":"Call Function","next":"24294","tru":"True","index":"24339","posX":"37.43826","posY":"2.170153","minimized":"False","advance_mode":"OnClick","type":"callfunction"},"24343":{"functionType":"DeactivateEvent","functionDetail":"info_button","functionDetail2":"","functionDetail3":"","functionDetail4":"","functionDetail5":"","name":"Call Function","next":"24186","tru":"True","index":"24343","posX":"-1.699656","posY":"-3.938088","minimized":"False","advance_mode":"OnClick","type":"callfunction"},"24344":{"functionType":"DeactivateEvent","functionDetail":"face_button","functionDetail2":"","functionDetail3":"","functionDetail4":"","functionDetail5":"","name":"Call Function","next":"24160","tru":"True","index":"24344","posX":"4.603243","posY":"-3.925205","minimized":"False","advance_mode":"OnClick","type":"callfunction"},"24345":{"functionType":"DeactivateEvent","functionDetail":"goal_button","functionDetail2":"","functionDetail3":"","functionDetail4":"","functionDetail5":"","name":"Call Function","next":"24347","tru":"True","index":"24345","posX":"-0.7165091","posY":"-21.16469","minimized":"False","advance_mode":"OnClick","type":"callfunction"},"24346":{"functionType":"DeactivateEvent","functionDetail":"info_button","functionDetail2":"","functionDetail3":"","functionDetail4":"","functionDetail5":"","name":"Call Function","next":"24345","tru":"True","index":"24346","posX":"-3.831723","posY":"-21.14321","minimized":"False","advance_mode":"OnClick","type":"callfunction"},"24347":{"functionType":"DeactivateEvent","functionDetail":"face_button","functionDetail2":"","functionDetail3":"","functionDetail4":"","functionDetail5":"","name":"Call Function","next":"24329","tru":"True","index":"24347","posX":"2.471178","posY":"-21.13033","minimized":"False","advance_mode":"OnClick","type":"callfunction"},"24348":{"functionType":"DeactivateEvent","functionDetail":"goal_button","functionDetail2":"","functionDetail3":"","functionDetail4":"","functionDetail5":"","name":"Call Function","next":"24350","tru":"True","index":"24348","posX":"-1.620715","posY":"-38.59547","minimized":"False","advance_mode":"OnClick","type":"callfunction"},"24349":{"functionType":"DeactivateEvent","functionDetail":"info_button","functionDetail2":"","functionDetail3":"","functionDetail4":"","functionDetail5":"","name":"Call Function","next":"24348","tru":"True","index":"24349","posX":"-4.73593","posY":"-38.57397","minimized":"False","advance_mode":"OnClick","type":"callfunction"},"24350":{"functionType":"DeactivateEvent","functionDetail":"face_button","functionDetail2":"","functionDetail3":"","functionDetail4":"","functionDetail5":"","name":"Call Function","next":"24316","tru":"True","index":"24350","posX":"1.566966","posY":"-38.56108","minimized":"False","advance_mode":"OnClick","type":"callfunction"},"24357":{"functionType":"ActivateEvent","functionDetail":"info_button","functionDetail2":"","functionDetail3":"","functionDetail4":"","functionDetail5":"","name":"Call Function","next":"24358","tru":"True","index":"24357","posX":"45.27492","posY":"-3.887612","minimized":"False","advance_mode":"OnClick","type":"callfunction"},"24358":{"functionType":"ActivateEvent","functionDetail":"face_button","functionDetail2":"","functionDetail3":"","functionDetail4":"","functionDetail5":"","name":"Call Function","next":"-1","tru":"True","index":"24358","posX":"48.76829","posY":"-3.938426","minimized":"False","advance_mode":"OnClick","type":"callfunction"},"24359":{"functionType":"ActivateEvent","functionDetail":"goal_button","functionDetail2":"","functionDetail3":"","functionDetail4":"","functionDetail5":"","name":"Call Function","next":"24360","tru":"True","index":"24359","posX":"40.36228","posY":"-21.32553","minimized":"False","advance_mode":"OnClick","type":"callfunction"},"24360":{"functionType":"ActivateEvent","functionDetail":"info_button","functionDetail2":"","functionDetail3":"","functionDetail4":"","functionDetail5":"","name":"Call Function","next":"24361","tru":"True","index":"24360","posX":"43.78318","posY":"-21.31582","minimized":"False","advance_mode":"OnClick","type":"callfunction"},"24361":{"functionType":"ActivateEvent","functionDetail":"face_button","functionDetail2":"","functionDetail3":"","functionDetail4":"","functionDetail5":"","name":"Call Function","next":"-1","tru":"True","index":"24361","posX":"47.27657","posY":"-21.36664","minimized":"False","advance_mode":"OnClick","type":"callfunction"},"24362":{"functionType":"ActivateEvent","functionDetail":"goal_button","functionDetail2":"","functionDetail3":"","functionDetail4":"","functionDetail5":"","name":"Call Function","next":"24363","tru":"True","index":"24362","posX":"39.01928","posY":"-38.54382","minimized":"False","advance_mode":"OnClick","type":"callfunction"},"24363":{"functionType":"ActivateEvent","functionDetail":"info_button","functionDetail2":"","functionDetail3":"","functionDetail4":"","functionDetail5":"","name":"Call Function","next":"24364","tru":"True","index":"24363","posX":"42.4402","posY":"-38.53412","minimized":"False","advance_mode":"OnClick","type":"callfunction"},"24364":{"functionType":"ActivateEvent","functionDetail":"face_button","functionDetail2":"","functionDetail3":"","functionDetail4":"","functionDetail5":"","name":"Call Function","next":"-1","tru":"True","index":"24364","posX":"45.93357","posY":"-38.58493","minimized":"False","advance_mode":"OnClick","type":"callfunction"},"25594":{"functionName":"update","takesFocus":"False","name":"Make Function","next":"28899","tru":"True","index":"25594","posX":"-34.25919","posY":"29.90455","minimized":"False","advance_mode":"OnClick","type":"customfunction"},"25595":{"functionType":"CustomFunction","functionDetail":"update","functionDetail2":"","functionDetail3":"","functionDetail4":"","functionDetail5":"","name":"Call Function","next":"28123","tru":"True","index":"25595","posX":"-13.00615","posY":"2.957584","minimized":"False","advance_mode":"OnClick","type":"callfunction"},"26264":{"content":"Your main goal is to maximize our net profit by maximizing the company's sales revenue and to minimize overall cost. ","owner":"Boss","speaking":"True","name":"Dialogue","next":"26265","tru":"True","index":"26264","posX":"12.04675","posY":"3.768708","minimized":"False","advance_mode":"OnClick","type":"dialogue"},"26265":{"content":"The company's overall cost consists of the inventory cost and the cost of backlog in case we're out of {drugName}.","owner":"Boss","speaking":"True","name":"Dialogue","next":"28866","tru":"True","index":"26265","posX":"15.10135","posY":"4.959144","minimized":"False","advance_mode":"OnClick","type":"dialogue"},"26287":{"action":"play_background","clipName":"Relaxer","volume":"0.05","name":"Sound","next":"25595","tru":"True","index":"26287","posX":"-16.70904","posY":"2.407811","minimized":"False","advance_mode":"OnClick","type":"sound"},"27916":{"functionType":"CallAPI_GET","functionDetail":"https://gamettes.me/api/create_game?role=distributor&numHumanPlayer=1&startCycle=60&studyName=study_2_1","functionDetail2":"token","functionDetail3":"","functionDetail4":"","functionDetail5":"","name":"Call Function","next":"28879","tru":"True","index":"27916","posX":"-22.1923","posY":"36.751","minimized":"False","advance_mode":"OnClick","type":"callfunction"},"27917":{"functionType":"CallAPI_GET","functionDetail":"https://gamettes.me/api/get_user_id?token={token}","functionDetail2":"user_id","functionDetail3":"","functionDetail4":"","functionDetail5":"","name":"Call Function","next":"28112","tru":"True","index":"27917","posX":"-13.92744","posY":"23.4242","minimized":"False","advance_mode":"OnClick","type":"callfunction"},"28112":{"functionType":"CallAPI_GET","functionDetail":"https://gamettes.me/api/get_game_param?token={token}&paramName=cycle","functionDetail2":"week","functionDetail3":"","functionDetail4":"","functionDetail5":"","name":"Call Function","next":"28925","tru":"True","index":"28112","posX":"-10.85417","posY":"23.42789","minimized":"False","advance_mode":"OnClick","type":"callfunction"},"28116":{"functionType":"CustomFunction","functionDetail":"tutorial","functionDetail2":"","functionDetail3":"","functionDetail4":"","functionDetail5":"","name":"Call Function","next":"26287","tru":"True","index":"28116","posX":"-20.34344","posY":"2.959125","minimized":"False","advance_mode":"OnClick","type":"callfunction"},"28117":{"functionName":"tutorial","takesFocus":"True","name":"Make Function","next":"28119","tru":"True","index":"28117","posX":"-16.91229","posY":"42.91117","minimized":"False","advance_mode":"OnClick","type":"customfunction"},"28119":{"content":"Click or tap anywhere on the screen to move the game forward.","owner":"None","speaking":"True","name":"Dialogue","next":"28120","tru":"True","index":"28119","posX":"-13.76902","posY":"43.44059","minimized":"False","advance_mode":"OnClick","type":"dialogue"},"28120":{"content":"This game is a research experiment and part of a study on pharmaceutical supply chains led by a research group at Northeastern University.","owner":null,"speaking":"True","name":"Dialogue","next":"28873","tru":"True","index":"28120","posX":"-10.60911","posY":"43.40192","minimized":"False","advance_mode":"OnClick","type":"dialogue"},"28122":{"content":"During this game, you will be deciding how to allocate {drugName} inventory to health-centers, and how to order it from your supplier.","owner":null,"speaking":"True","name":"Dialogue","next":"28152","tru":"True","index":"28122","posX":"-0.5831623","posY":"43.51804","minimized":"False","advance_mode":"OnClick","type":"dialogue"},"28123":{"actionTarget":"GlassFront","actionName":"MoveBy","action_x-difference":"2000","action_y-difference":"0","action_time":"1","action_easing":null,"name":"Action","next":"28124","tru":"True","index":"28123","posX":"-9.119673","posY":"0.9770114","minimized":"False","advance_mode":"WhenCompleted","type":"action"},"28124":{"actionTarget":"Kate","actionName":"MoveTo","action_x-position":"-250","action_y-position":"{Kate.posy}","action_time":"2","action_easing":null,"name":"Action","next":"28128","tru":"True","index":"28124","posX":"-5.961625","posY":"1.101979","minimized":"False","advance_mode":"Instantly","type":"action"},"28128":{"actionTarget":"Boss","actionName":"MoveTo","action_x-position":"60","action_y-position":"{Boss.posy}","action_time":"2","action_easing":null,"name":"Action","next":"4","tru":"True","index":"28128","posX":"-2.896472","posY":"1.11255","minimized":"False","advance_mode":"WhenCompleted","type":"action"},"28149":{"content":"In case you're not familiar with Saline solution, here is what it looks like. It is a mixture of sodium chloride in water which has a number of uses in medicine.","owner":null,"speaking":"True","name":"Dialogue","next":"28155","tru":"True","index":"28149","posX":"6.06687","posY":"43.34961","minimized":"False","advance_mode":"OnClick","type":"dialogue"},"28152":{"actionTarget":"salineBag","actionName":"Visibility","action_hidden":"False","name":"Action","next":"28149","tru":"True","index":"28152","posX":"2.67949","posY":"43.39354","minimized":"False","advance_mode":"Instantly","type":"action"},"28155":{"actionTarget":"salineBag","actionName":"Visibility","action_hidden":"True","name":"Action","next":"28871","tru":"True","index":"28155","posX":"9.314776","posY":"43.38953","minimized":"False","advance_mode":"Instantly","type":"action"},"28866":{"content":"Do your best in increasing our market share by deciding how to allocate current {drugName} inventory to health-centers, and how to order from our supplier.","owner":"Boss","speaking":"True","name":"Dialogue","next":"24140","tru":"True","index":"28866","posX":"18.53537","posY":"5.050238","minimized":"False","advance_mode":"OnClick","type":"dialogue"},"28868":{"choices":"23139~~{condition} = 6~-~23139~~{condition} = 7~-~24303~~true~-~","isRandom":"False","name":"Branch","next":"-1","tru":"True","index":"28868","posX":"26.98389","posY":"3.346586","minimized":"False","advance_mode":"OnClick","type":"if"},"28869":{"contents":"Condition 6,7","name":"Comment","next":"-1","tru":"True","index":"28869","posX":"25.98422","posY":"6.514707","minimized":"False","advance_mode":"OnClick","type":"comment"},"28871":{"content":"After finishing the game, you will be asked to complete a short survey.","owner":null,"speaking":"True","name":"Dialogue","next":"28872","tru":"True","index":"28871","posX":"12.50466","posY":"43.44469","minimized":"False","advance_mode":"OnClick","type":"dialogue"},"28872":{"content":"We will be recording your responses to the questions and decisions in the game and questions in the survey. ","owner":null,"speaking":"True","name":"Dialogue","next":"28875","tru":"True","index":"28872","posX":"15.79128","posY":"43.43145","minimized":"False","advance_mode":"OnClick","type":"dialogue"},"28873":{"content":"You need to be 18 years or older to participate in this research.","owner":"None","speaking":"True","name":"Dialogue","next":"28874","tru":"True","index":"28873","posX":"-7.316298","posY":"43.61846","minimized":"False","advance_mode":"OnClick","type":"dialogue"},"28874":{"content":"The entire process will take around 45 to 60 minutes. You may stop playing at any time by exiting the web page or closing your web browser.","owner":"None","speaking":"True","name":"Dialogue","next":"28122","tru":"True","index":"28874","posX":"-3.977526","posY":"43.53973","minimized":"False","advance_mode":"OnClick","type":"dialogue"},"28875":{"content":"We will store your data only if you agree to share your data at the end of the experiment. Data will be collected anonymously. ","owner":null,"speaking":"True","name":"Dialogue","next":"28928","tru":"True","index":"28875","posX":"18.95118","posY":"43.489","minimized":"False","advance_mode":"OnClick","type":"dialogue"},"28876":{"content":"Great! let's PLAY now!","owner":null,"speaking":"True","name":"Dialogue","next":"-1","tru":"True","index":"28876","posX":"37.26649","posY":"42.73302","minimized":"False","advance_mode":"OnClick","type":"dialogue"},"28878":{"choices":"27916~~{condition} = 1~-~28886~~{condition} = 2~-~28888~~{condition} = 3~-~28890~~{condition} = 4~-~28892~~{condition} = 5~-~28894~~{condition} = 6~-~28896~~true~-~","isRandom":"False","name":"Branch","next":"-1","tru":"True","index":"28878","posX":"-27.13194","posY":"27.5814","minimized":"False","advance_mode":"OnClick","type":"if"},"28879":{"displayName":null,"owner":"{condition}","newValue":"1","fromVariable":"False","get":"True","name":"Set Variable","next":"27917","tru":"True","index":"28879","posX":"-19.14631","posY":"36.53921","minimized":"False","advance_mode":"OnClick","type":"variable"},"28886":{"functionType":"CallAPI_GET","functionDetail":"https://gamettes.me/api/create_game?role=distributor&numHumanPlayer=1&startCycle=60&studyName=study_2_2","functionDetail2":"token","functionDetail3":"","functionDetail4":"","functionDetail5":"","name":"Call Function","next":"28887","tru":"True","index":"28886","posX":"-22.12064","posY":"32.78004","minimized":"False","advance_mode":"OnClick","type":"callfunction"},"28887":{"displayName":null,"owner":"{condition}","newValue":"2","fromVariable":"False","get":"True","name":"Set Variable","next":"27917","tru":"True","index":"28887","posX":"-19.06281","posY":"32.57127","minimized":"False","advance_mode":"OnClick","type":"variable"},"28888":{"functionType":"CallAPI_GET","functionDetail":"https://gamettes.me/api/create_game?role=distributor&numHumanPlayer=1&startCycle=60&studyName=study_2_3","functionDetail2":"token","functionDetail3":"","functionDetail4":"","functionDetail5":"","name":"Call Function","next":"28889","tru":"True","index":"28888","posX":"-22.14134","posY":"28.91045","minimized":"False","advance_mode":"OnClick","type":"callfunction"},"28889":{"displayName":null,"owner":"{condition}","newValue":"3","fromVariable":"False","get":"True","name":"Set Variable","next":"27917","tru":"True","index":"28889","posX":"-19.09536","posY":"28.69867","minimized":"False","advance_mode":"OnClick","type":"variable"},"28890":{"functionType":"CallAPI_GET","functionDetail":"https://gamettes.me/api/create_game?role=distributor&numHumanPlayer=1&startCycle=60&studyName=study_2_4","functionDetail2":"token","functionDetail3":"","functionDetail4":"","functionDetail5":"","name":"Call Function","next":"28891","tru":"True","index":"28890","posX":"-22.12064","posY":"25.02019","minimized":"False","advance_mode":"OnClick","type":"callfunction"},"28891":{"displayName":null,"owner":"{condition}","newValue":"4","fromVariable":"False","get":"True","name":"Set Variable","next":"27917","tru":"True","index":"28891","posX":"-19.07467","posY":"24.8084","minimized":"False","advance_mode":"OnClick","type":"variable"},"28892":{"functionType":"CallAPI_GET","functionDetail":"https://gamettes.me/api/create_game?role=distributor&numHumanPlayer=1&startCycle=60&studyName=study_2_5","functionDetail2":"token","functionDetail3":"","functionDetail4":"","functionDetail5":"","name":"Call Function","next":"28893","tru":"True","index":"28892","posX":"-22.03787","posY":"21.06783","minimized":"False","advance_mode":"OnClick","type":"callfunction"},"28893":{"displayName":null,"owner":"{condition}","newValue":"5","fromVariable":"False","get":"True","name":"Set Variable","next":"27917","tru":"True","index":"28893","posX":"-18.99189","posY":"20.85605","minimized":"False","advance_mode":"OnClick","type":"variable"},"28894":{"functionType":"CallAPI_GET","functionDetail":"https://gamettes.me/api/create_game?role=distributor&numHumanPlayer=1&startCycle=60&studyName=study_2_6","functionDetail2":"token","functionDetail3":"","functionDetail4":"","functionDetail5":"","name":"Call Function","next":"28895","tru":"True","index":"28894","posX":"-22.05856","posY":"17.15688","minimized":"False","advance_mode":"OnClick","type":"callfunction"},"28895":{"displayName":null,"owner":"{condition}","newValue":"6","fromVariable":"False","get":"True","name":"Set Variable","next":"27917","tru":"True","index":"28895","posX":"-19.01258","posY":"16.9451","minimized":"False","advance_mode":"OnClick","type":"variable"},"28896":{"functionType":"CallAPI_GET","functionDetail":"https://gamettes.me/api/create_game?role=distributor&numHumanPlayer=1&startCycle=60&studyName=study_2_7","functionDetail2":"token","functionDetail3":"","functionDetail4":"","functionDetail5":"","name":"Call Function","next":"28897","tru":"True","index":"28896","posX":"-22.06422","posY":"13.21649","minimized":"False","advance_mode":"OnClick","type":"callfunction"},"28897":{"displayName":null,"owner":"{condition}","newValue":"7","fromVariable":"False","get":"True","name":"Set Variable","next":"27917","tru":"True","index":"28897","posX":"-19.01825","posY":"13.00471","minimized":"False","advance_mode":"OnClick","type":"variable"},"28899":{"functionType":"CallAPI_GET","functionDetail":"https://gamettes.me/api/random_condition?max=12","functionDetail2":"{condition}","functionDetail3":"","functionDetail4":"","functionDetail5":"","name":"Call Function","next":"28878","tru":"True","index":"28899","posX":"-30.56999","posY":"29.55666","minimized":"False","advance_mode":"OnClick","type":"callfunction"},"28925":{"displayName":null,"owner":"{week}","newValue":"{week} - 40","fromVariable":"False","get":"True","name":"Set Variable","next":"-1","tru":"True","index":"28925","posX":"-7.580901","posY":"23.36911","minimized":"False","advance_mode":"OnClick","type":"variable"},"28928":{"choiceType":"open_response","content":"Before we start, please pick a username by typing in the box below. This username will only appear on the Gamette Leaderboard on the study page. You can choose any name other than your real name if you wish:","owner":"","speaking":"False","prompted":"True","timed":"False","timer":"-1","choices":"-1~~~~False~~none~~true~-~-1~~~~False~~none~~true~-~","variable":"username","inputMultiline":"False","openResponseButton":"","openResponseTextObject":"","name":"Player Choice","next":"28935","tru":"True","index":"28928","posX":"22.50887","posY":"42.78269","minimized":"False","advance_mode":"OnClick","type":"choice"},"28930":{"choiceType":"simple","content":"You picked {username}\n\nDo you wish to continue with this username?","owner":"","speaking":"False","prompted":"True","timed":"False","timer":"-1","choices":"28876~~Yes~~False~~none~~true~-~28931~~No, let me pick another username~~False~~none~~true~-~","variable":"username","name":"Player Choice","next":"-1","tru":"True","index":"28930","posX":"30.04638","posY":"39.64559","minimized":"False","advance_mode":"OnClick","type":"choice"},"28931":{"choiceType":"open_response","content":"Please pick a username by typing in the box below. This username will only appear on the Gamette Leaderboard on the study page. You can choose any name other than your real name if you wish:","owner":"","speaking":"False","prompted":"True","timed":"False","timer":"-1","choices":"-1~~~~False~~none~~true~-~-1~~~~False~~none~~true~-~","variable":"username","inputMultiline":"False","openResponseButton":"","openResponseTextObject":"","name":"Player Choice","next":"28935","tru":"True","index":"28931","posX":"34.80678","posY":"35.93983","minimized":"False","advance_mode":"OnClick","type":"choice"},"28935":{"choices":"28936~~{username} =~-~28930~~true~-~","isRandom":"False","name":"Branch","next":"-1","tru":"True","index":"28935","posX":"26.27541","posY":"45.3425","minimized":"False","advance_mode":"OnClick","type":"if"},"28936":{"content":"You didn't pick a username","owner":null,"speaking":"True","name":"Dialogue","next":"28931","tru":"True","index":"28936","posX":"30.36962","posY":"44.86303","minimized":"False","advance_mode":"OnClick","type":"dialogue"}},"scene":{"name":"First Day","title":"First Day","pos":{"x":0.0,"y":0.0,"z":0.0},"uid":"11274","background":"garage_1","furniture":[{"uid":0,"rotation":0.0,"visible":true,"locked":true,"color":"FFFFFF","textcolor":"000000","image":"garage_1","value":0.0,"text":"","fontSize":0,"parentName":"","objectType":0,"thisOC":null,"name":"Background","pos":{"x":0.0,"y":0.0,"z":0.0},"size":{"x":960.0,"y":540.0}},{"uid":1,"rotation":0.0,"visible":true,"locked":true,"color":"FFFFFF","textcolor":"000000","image":"storageRack","value":0.0,"text":"","fontSize":0,"parentName":"","objectType":0,"thisOC":null,"name":"storageRack","pos":{"x":-30.0000076,"y":19.0,"z":0.0},"size":{"x":288.0,"y":361.0}},{"uid":2,"rotation":0.0,"visible":true,"locked":true,"color":"FFFFFF","textcolor":"000000","image":"storageRackBoxes","value":0.0,"text":"","fontSize":0,"parentName":"","objectType":0,"thisOC":null,"name":"storageRackBoxes","pos":{"x":-320.0,"y":18.9999943,"z":0.0},"size":{"x":288.0,"y":361.0}},{"uid":3,"rotation":0.0,"visible":true,"locked":true,"color":"FFFFFF","textcolor":"000000","image":"truckPharmacy","value":0.0,"text":"","fontSize":0,"parentName":"","objectType":0,"thisOC":null,"name":"truckPharmacy","pos":{"x":226.261459,"y":21.6959648,"z":0.0},"size":{"x":1029.50757,"y":579.0973}},{"uid":4,"rotation":0.0,"visible":true,"locked":true,"color":"FFFFFF","textcolor":"000000","image":"male_middle_age_2","value":0.0,"text":"","fontSize":0,"parentName":"","objectType":0,"thisOC":null,"name":"Boss","pos":{"x":553.529358,"y":-98.74066,"z":0.0},"size":{"x":-80.09255,"y":287.774353}},{"uid":5,"rotation":0.0,"visible":true,"locked":true,"color":"FFFFFF","textcolor":"000000","image":"female_business_4","value":0.0,"text":"","fontSize":0,"parentName":"","objectType":0,"thisOC":null,"name":"Kate","pos":{"x":-555.4049,"y":-114.945908,"z":0.0},"size":{"x":69.0,"y":277.0}},{"uid":6,"rotation":0.0,"visible":false,"locked":true,"color":"FFFFFF","textcolor":"000000","image":"buttonFlag","value":0.0,"text":"","fontSize":0,"parentName":"","objectType":3,"thisOC":null,"name":"goal_button","pos":{"x":-450.0,"y":240.0,"z":0.0},"size":{"x":38.0,"y":38.0}},{"uid":7,"rotation":0.0,"visible":false,"locked":true,"color":"FFFFFF","textcolor":"000000","image":"button_dollar_1","value":0.0,"text":"","fontSize":0,"parentName":"","objectType":3,"thisOC":null,"name":"button_dollar","pos":{"x":-450.0,"y":195.0,"z":0.0},"size":{"x":38.0,"y":38.0}},{"uid":8,"rotation":0.0,"visible":false,"locked":true,"color":"FFFFFF","textcolor":"000000","image":"buttonInfo","value":0.0,"text":"","fontSize":0,"parentName":"","objectType":0,"thisOC":null,"name":"button_Info","pos":{"x":-450.0,"y":150.0,"z":0.0},"size":{"x":39.0,"y":39.0}},{"uid":9,"rotation":0.0,"visible":false,"locked":true,"color":"FFFFFF","textcolor":"000000","image":"button_heartbeat_1","value":0.0,"text":"","fontSize":0,"parentName":"","objectType":3,"thisOC":null,"name":"face_smiling","pos":{"x":-450.0,"y":150.000031,"z":0.0},"size":{"x":38.0,"y":38.0}},{"uid":10,"rotation":0.0,"visible":false,"locked":true,"color":"FFFFFF00","textcolor":"2E3233","image":"","value":0.0,"text":"100%","fontSize":12,"parentName":"face_smiling","objectType":2,"thisOC":null,"name":"happiness%","pos":{"x":20.45,"y":13.38,"z":0.0},"size":{"x":30.3689823,"y":24.6858978}},{"uid":11,"rotation":0.0,"visible":false,"locked":true,"color":"FFFFFF","textcolor":"000000","image":"panel_basic_1","value":0.0,"text":"","fontSize":0,"parentName":"","objectType":3,"thisOC":null,"name":"face_panel","pos":{"x":-420.0,"y":154.0,"z":0.0},"size":{"x":17.0,"y":12.0}},{"uid":12,"rotation":0.0,"visible":true,"locked":true,"color":"FFFFFF00","textcolor":"000000","image":"","value":0.0,"text":"","fontSize":16,"parentName":"face_panel","objectType":2,"thisOC":null,"name":"face_Text","pos":{"x":0.0,"y":0.0,"z":0.0},"size":{"x":16.0,"y":11.0}},{"uid":13,"rotation":0.0,"visible":false,"locked":true,"color":"FFFFFF","textcolor":"000000","image":"panel_basic_1","value":0.0,"text":"","fontSize":0,"parentName":"","objectType":3,"thisOC":null,"name":"info_panel","pos":{"x":-420.0,"y":197.0,"z":0.0},"size":{"x":17.0,"y":12.0}},{"uid":14,"rotation":0.0,"visible":true,"locked":false,"color":"FFFFFF00","textcolor":"000000","image":"","value":0.0,"text":"","fontSize":16,"parentName":"info_panel","objectType":2,"thisOC":null,"name":"info_Text","pos":{"x":5.0,"y":-5.0,"z":0.0},"size":{"x":16.0,"y":11.0}},{"uid":15,"rotation":0.0,"visible":false,"locked":true,"color":"FFFFFF","textcolor":"000000","image":"panel_basic_1","value":0.0,"text":"","fontSize":0,"parentName":"","objectType":3,"thisOC":null,"name":"goal_panel","pos":{"x":-419.999969,"y":244.999969,"z":0.0},"size":{"x":17.0,"y":12.0}},{"uid":16,"rotation":0.0,"visible":true,"locked":true,"color":"FFFFFF00","textcolor":"000000","image":"","value":0.0,"text":"","fontSize":16,"parentName":"goal_panel","objectType":2,"thisOC":null,"name":"goal_Text","pos":{"x":5.0,"y":-5.0,"z":0.0},"size":{"x":16.0,"y":11.0}},{"uid":17,"rotation":90.0,"visible":true,"locked":true,"color":"000000","textcolor":"000000","image":"glass_front_1","value":0.0,"text":"","fontSize":0,"parentName":"","objectType":0,"thisOC":null,"name":"GlassFront","pos":{"x":3.39746475E-06,"y":0.0,"z":0.0},"size":{"x":560.0,"y":980.0}},{"uid":18,"rotation":0.0,"visible":false,"locked":true,"color":"FFFFFF","textcolor":"000000","image":"saline_stand_1","value":0.0,"text":"","fontSize":0,"parentName":"","objectType":0,"thisOC":null,"name":"salineBag","pos":{"x":-389.16333,"y":-78.5282,"z":0.0},"size":{"x":74.48,"y":292.2253}},{"uid":19,"rotation":0.0,"visible":true,"locked":false,"color":"FFFFFF00","textcolor":"000000","image":"Text","value":0.0,"text":"\t\t\t\t\t\t\t\t\tLast Week\t\t\tCumulative\r\nSALES\r\n<i>Sales - HC1\t\t\t\t\t${HC1Sales}\t\t\t\t\t\t\t\t${HC1SalesCum}\r\nSales - HC2\t\t\t\t\t${HC2Sales}\t\t\t\t\t\t\t\t${HC2SalesCum}</i>\r\nTotal Sales\t\t\t\t\t${TotalSales}\t\t\t\t\t\t\t\t${TotalSalesCum}\r\n\r\nCOSTS\r\n<i>Inventory\t\t\t\t\t\t${invCost}\t\t\t\t\t\t\t\t${invCostCum}\r\nBacklog\t\t\t\t\t\t${backlogCost}\t\t\t\t\t\t\t\t${backlogCostCum}</i>\r\nTotal Cost\t\t\t\t\t${costTotal}\t\t\t\t\t\t\t\t${costTotalCum}\r\n\r\nNET PROFIT\t\t\t\t\t\t\t\t\t\t\t\t\t${profit}\r\n\r\n<i>For each unit of {drugName}:\r\nprice is \t\t\t\t\t\t$5\r\ninventory cost is \t$1\r\nbacklog cost is \t\t$10</i>","fontSize":16,"parentName":"","objectType":2,"thisOC":null,"name":"Text","pos":{"x":-122.422821,"y":476.474274,"z":0.0},"size":{"x":433.73468,"y":367.195}}],"recent_assets":[],"recent_backgrounds":[],"recent_characters":[],"layoutScale":0.68301326,"layoutPosition":{"x":-115.707336,"y":-32.77269},"scriptorScale":0.826446235,"scriptorPosition":{"x":1036.43176,"y":-181.7632},"layoutParamSet":true,"scriptorParamSet":true},"started":false}