{"dictNodes":{"0":{"name":"Start","next":"79","tru":"True","index":"0","posX":"-22.40915","posY":"1.424468","minimized":"False","advance_mode":"OnClick","type":"start"},"4":{"content":"Hey Boss!","owner":"Kate","speaking":"True","name":"Dialogue","next":"28950","tru":"True","index":"4","posX":"-15.60073","posY":"4.21385","minimized":"False","advance_mode":"OnClick","type":"dialogue"},"17":{"content":"As you can see Manufacturer 1 is our only supplier.","owner":"Boss","speaking":"True","name":"Dialogue","next":"89","tru":"True","index":"17","posX":"10.61842","posY":"2.25071","minimized":"False","advance_mode":"OnClick","type":"dialogue"},"32":{"content":"Kate! I've just heard that the COVID-19 spread caused Manufacturer 2 to shutdown most parts of its facility in Puerto Rico\r.","owner":"Boss","speaking":"True","name":"Dialogue","next":"85","tru":"True","index":"32","posX":"-8.222201","posY":"8.408563","minimized":"False","advance_mode":"OnClick","type":"dialogue"},"46":{"nextScript":"Week 2","transitionText":"Back to Office...","variablePairs":"","name":"end","next":"-1","tru":"True","index":"46","posX":"36.3031","posY":"10.23352","minimized":"False","advance_mode":"OnClick","type":"end"},"79":{"actionTarget":"Kate","actionName":"MoveBy","action_x-difference":"250","action_y-difference":"0","action_time":"2","action_easing":null,"name":"Action","next":"4","tru":"True","index":"79","posX":"-19.13174","posY":"2.350569","minimized":"False","advance_mode":"WhenCompleted","type":"action"},"85":{"content":"Oh, that's dreadful!","owner":"Kate","speaking":"True","name":"Dialogue","next":"28713","tru":"True","index":"85","posX":"-4.003999","posY":"6.049324","minimized":"False","advance_mode":"OnClick","type":"dialogue"},"89":{"content":"Now we have to be more careful about how we allocate our inventory and how we're ordering.","owner":"Boss","speaking":"True","name":"Dialogue","next":"28748","tru":"True","index":"89","posX":"13.93255","posY":"2.097002","minimized":"False","advance_mode":"OnClick","type":"dialogue"},"90":{"content":"OK Boss! I'm on it.","owner":"Kate","speaking":"True","name":"Dialogue","next":"94","tru":"True","index":"90","posX":"23.77421","posY":"8.14434","minimized":"False","advance_mode":"OnClick","type":"dialogue"},"94":{"actionTarget":"Kate","actionName":"Flip","action_horizontal":"true","action_vertical":"false","name":"Action","next":"95","tru":"True","index":"94","posX":"26.90599","posY":"9.003007","minimized":"False","advance_mode":"WhenCompleted","type":"action"},"95":{"actionTarget":"Kate","actionName":"MoveBy","action_x-difference":"-200","action_y-difference":"0","action_time":"1","action_easing":null,"name":"Action","next":"26087","tru":"True","index":"95","posX":"29.99071","posY":"9.197906","minimized":"False","advance_mode":"WhenCompleted","type":"action"},"26087":{"displayName":null,"owner":"{visitBob}","newValue":"1","fromVariable":"False","get":"True","name":"Set Variable","next":"46","tru":"True","index":"26087","posX":"33.10619","posY":"10.06025","minimized":"False","advance_mode":"OnClick","type":"variable"},"28709":{"choices":"28711~~{condition} = 2~-~28711~~{condition} = 4~-~28711~~{condition} = 6~-~17~~true~-~","isRandom":"False","name":"Branch","next":"-1","tru":"True","index":"28709","posX":"6.597867","posY":"4.655721","minimized":"False","advance_mode":"OnClick","type":"if"},"28711":{"content":"As you can see Manufacturer 2 is not our supplier.","owner":"Boss","speaking":"True","name":"Dialogue","next":"29041","tru":"True","index":"28711","posX":"10.6011","posY":"5.717789","minimized":"False","advance_mode":"OnClick","type":"dialogue"},"28713":{"content":"Just to remind you about our supply chain, let's take a look at it on my cellphone...","owner":"Boss","speaking":"True","name":"Dialogue","next":"28715","tru":"True","index":"28713","posX":"-0.1783234","posY":"5.556083","minimized":"False","advance_mode":"OnClick","type":"dialogue"},"28714":{"actionTarget":"cellphone","actionName":"MoveBy","action_x-difference":"230","action_y-difference":"0","action_time":"2","action_easing":"ease_in_out_quad","name":"Action","next":"28736","tru":"True","index":"28714","posX":"-4.057752","posY":"-8.094586","minimized":"False","advance_mode":"WhenCompleted","type":"action"},"28715":{"functionType":"CustomFunction","functionDetail":"cellphone","functionDetail2":"","functionDetail3":"","functionDetail4":"","functionDetail5":"","name":"Call Function","next":"28709","tru":"True","index":"28715","posX":"3.219393","posY":"6.093784","minimized":"False","advance_mode":"OnClick","type":"callfunction"},"28716":{"functionName":"cellphone","takesFocus":"True","name":"Make Function","next":"28952","tru":"True","index":"28716","posX":"-21.97482","posY":"-6.492196","minimized":"False","advance_mode":"OnClick","type":"customfunction"},"28718":{"actionTarget":"cellphone","actionName":"ChangeScaleBy","action_widthchange":"20","action_heightchange":"20","action_time":"2","action_easing":"ease_in_out_quad","name":"Action","next":"28719","tru":"True","index":"28718","posX":"2.588267","posY":"-8.16781","minimized":"False","advance_mode":"Instantly","type":"action"},"28719":{"actionTarget":"cellphone","actionName":"RotateBy","action_angle":"90","action_time":"2","action_easing":"ease_in_out_quad","name":"Action","next":"28721","tru":"True","index":"28719","posX":"6.040425","posY":"-7.786178","minimized":"False","advance_mode":"Instantly","type":"action"},"28721":{"actionTarget":"cellphone","actionName":"MoveTo","action_x-position":"0","action_time":"2","action_easing":"ease_in_out_quad","action_y-position":"0","name":"Action","next":"28722","tru":"True","index":"28721","posX":"9.141601","posY":"-8.162086","minimized":"False","advance_mode":"WhenCompleted","type":"action"},"28722":{"actionTarget":"SupplyNetworkGroup","actionName":"Visibility","action_hidden":"False","name":"Action","next":"-1","tru":"True","index":"28722","posX":"12.43539","posY":"-6.845874","minimized":"False","advance_mode":"Instantly","type":"action"},"28724":{"actionTarget":"Kate","actionName":"MoveBy","action_y-difference":"0","action_x-difference":"-150","action_time":"2","action_easing":"ease_in_out_quad","name":"Action","next":"28726","tru":"True","index":"28724","posX":"-11.23809","posY":"-8.091978","minimized":"False","advance_mode":"Instantly","type":"action"},"28726":{"actionTarget":"Boss","actionName":"MoveBy","action_time":"2","action_x-difference":"230","action_easing":"ease_in_out_quad","action_y-difference":"0","name":"Action","next":"28714","tru":"True","index":"28726","posX":"-7.539603","posY":"-8.115375","minimized":"False","advance_mode":"Instantly","type":"action"},"28736":{"actionTarget":"cellphone","actionName":"Visibility","action_hidden":"False","name":"Action","next":"28718","tru":"True","index":"28736","posX":"-0.9041972","posY":"-6.685438","minimized":"False","advance_mode":"WhenCompleted","type":"action"},"28740":{"functionType":"CustomFunction","functionDetail":"cellphone_off","functionDetail2":"","functionDetail3":"","functionDetail4":"","functionDetail5":"","name":"Call Function","next":"90","tru":"True","index":"28740","posX":"20.91052","posY":"6.993097","minimized":"False","advance_mode":"OnClick","type":"callfunction"},"28741":{"functionName":"cellphone_off","takesFocus":"True","name":"Make Function","next":"28742","tru":"True","index":"28741","posX":"-15.13951","posY":"-13.30268","minimized":"False","advance_mode":"OnClick","type":"customfunction"},"28742":{"actionTarget":"SupplyNetworkGroup","actionName":"Visibility","action_hidden":"True","name":"Action","next":"28743","tru":"True","index":"28742","posX":"-11.8265","posY":"-13.90975","minimized":"False","advance_mode":"Instantly","type":"action"},"28743":{"actionTarget":"cellphone","actionName":"MoveTo","action_x-position":"358.75","action_time":"2","action_easing":"ease_in_out_quad","action_y-position":"-64.2","name":"Action","next":"28744","tru":"True","index":"28743","posX":"-8.346674","posY":"-15.17522","minimized":"False","advance_mode":"Instantly","type":"action"},"28744":{"actionTarget":"cellphone","actionName":"RotateBy","action_angle":"-90","action_time":"2","action_easing":"ease_in_out_quad","name":"Action","next":"28745","tru":"True","index":"28744","posX":"-4.782646","posY":"-14.99782","minimized":"False","advance_mode":"Instantly","type":"action"},"28745":{"actionTarget":"cellphone","actionName":"ChangeScaleBy","action_widthchange":"1\/20","action_heightchange":"1\/20","action_time":"2","action_easing":"ease_in_out_quad","name":"Action","next":"28746","tru":"True","index":"28745","posX":"-1.015342","posY":"-15.22258","minimized":"False","advance_mode":"WhenCompleted","type":"action"},"28746":{"actionTarget":"cellphone","actionName":"Visibility","action_hidden":"True","name":"Action","next":"-1","tru":"True","index":"28746","posX":"2.371336","posY":"-13.76031","minimized":"False","advance_mode":"Instantly","type":"action"},"28748":{"content":"<i>Click to continue...<\/i>","owner":"None","speaking":"True","name":"Dialogue","next":"28740","tru":"True","index":"28748","posX":"17.7169","posY":"6.718313","minimized":"False","advance_mode":"OnClick","type":"dialogue"},"28950":{"choices":"32~~{condition} = 2~-~32~~{condition} = 4~-~32~~{condition} = 6~-~28951~~true~-~","isRandom":"False","name":"Branch","next":"-1","tru":"True","index":"28950","posX":"-12.12295","posY":"8.073625","minimized":"False","advance_mode":"OnClick","type":"if"},"28951":{"content":"Kate! I've just heard that the COVID-19 spread caused our supplier to shutdown most parts of its facility in Puerto Rico\r.","owner":"Boss","speaking":"True","name":"Dialogue","next":"85","tru":"True","index":"28951","posX":"-8.198055","posY":"4.877724","minimized":"False","advance_mode":"OnClick","type":"dialogue"},"28952":{"choices":"28724~~{condition} = 2~-~28724~~{condition} = 4~-~28724~~{condition} = 6~-~28955~~true~-~","isRandom":"False","name":"Branch","next":"-1","tru":"True","index":"28952","posX":"-18.70061","posY":"-7.080038","minimized":"False","advance_mode":"OnClick","type":"if"},"28955":{"actionTarget":"Study 2 Network Disruption","actionName":"ChangeImage","action_image-name":"Study 2 Network Disruption_2","name":"Action","next":"28724","tru":"True","index":"28955","posX":"-14.82225","posY":"-10.05768","minimized":"False","advance_mode":"Instantly","type":"action"},"29041":{"content":"Despite this, we still have to be careful about how we allocate our inventory and how we're ordering.","owner":"Boss","speaking":"True","name":"Dialogue","next":"28748","tru":"True","index":"29041","posX":"14.01358","posY":"5.892868","minimized":"False","advance_mode":"OnClick","type":"dialogue"}},"scene":{"name":"Talk to Bob!","title":"Talk to Bob","pos":{"x":0,"y":0,"z":0},"uid":"4","background":"bricks_1","furniture":[{"uid":0,"rotation":0,"visible":true,"locked":true,"color":"FFFFFF","textcolor":"000000","image":"bricks_1","value":0,"text":"","fontSize":0,"parentName":"","objectType":3,"thisOC":null,"name":"Background","pos":{"x":0,"y":0,"z":0},"size":{"x":960,"y":540}},{"uid":1,"rotation":0,"visible":true,"locked":true,"color":"FFFFFF","textcolor":"000000","image":"book_shelves_3","value":0,"text":"","fontSize":0,"parentName":"","objectType":0,"thisOC":null,"name":"book_shelves_3","pos":{"x":411.944153,"y":124.069374,"z":0},"size":{"x":162.784454,"y":77.4193954}},{"uid":2,"rotation":0,"visible":true,"locked":true,"color":"FFFFFF","textcolor":"000000","image":"office_chair_2","value":0,"text":"","fontSize":0,"parentName":"","objectType":0,"thisOC":null,"name":"office_chair_2","pos":{"x":6.68981171,"y":-97.66121,"z":0},"size":{"x":132,"y":218}},{"uid":3,"rotation":0,"visible":true,"locked":true,"color":"FFFFFF","textcolor":"000000","image":"office_desk_2","value":0,"text":"","fontSize":0,"parentName":"","objectType":0,"thisOC":null,"name":"office_desk_2","pos":{"x":16.7727776,"y":-118.046822,"z":0},"size":{"x":325.4521,"y":161.3192}},{"uid":4,"rotation":0,"visible":true,"locked":true,"color":"FFFFFF","textcolor":"000000","image":"computer_screen_2","value":0,"text":"","fontSize":0,"parentName":"","objectType":0,"thisOC":null,"name":"computer_screen_2","pos":{"x":-63.8814125,"y":3.15001631,"z":0},"size":{"x":120,"y":93}},{"uid":5,"rotation":0,"visible":true,"locked":true,"color":"FFFFFF","textcolor":"000000","image":"frame_2","value":0,"text":"","fontSize":0,"parentName":"","objectType":0,"thisOC":null,"name":"frame_2","pos":{"x":-353.654541,"y":119.394569,"z":0},"size":{"x":106.490685,"y":135.070724}},{"uid":6,"rotation":0,"visible":true,"locked":true,"color":"FFFFFF","textcolor":"000000","image":"sofa_6","value":0,"text":"","fontSize":0,"parentName":"","objectType":0,"thisOC":null,"name":"sofa_6(1)","pos":{"x":380.867249,"y":-98.26709,"z":0},"size":{"x":212.3596,"y":166.805023}},{"uid":7,"rotation":0,"visible":true,"locked":true,"color":"FFFFFF","textcolor":"000000","image":"jeopardy_table_1","value":0,"text":"","fontSize":0,"parentName":"","objectType":0,"thisOC":null,"name":"jeopardy_table_1","pos":{"x":361.889648,"y":-172.0155,"z":0},"size":{"x":165.07,"y":77.76815}},{"uid":8,"rotation":0,"visible":true,"locked":true,"color":"FFFFFF","textcolor":"000000","image":"female_business_4","value":0,"text":"","fontSize":0,"parentName":"","objectType":0,"thisOC":null,"name":"Kate","pos":{"x":-530.1877,"y":-77.03294,"z":0},"size":{"x":74.62079,"y":299.564728}},{"uid":9,"rotation":0,"visible":true,"locked":true,"color":"FFFFFF","textcolor":"000000","image":"male_middle_age_2","value":0,"text":"","fontSize":0,"parentName":"","objectType":0,"thisOC":null,"name":"Boss","pos":{"x":128.750153,"y":-64.1957855,"z":0},"size":{"x":-86,"y":309}},{"uid":10,"rotation":0,"visible":false,"locked":true,"color":"FFFFFF","textcolor":"000000","image":"cellphone_2","value":0,"text":"","fontSize":0,"parentName":"","objectType":0,"thisOC":null,"name":"cellphone","pos":{"x":149.970016,"y":-118.015625,"z":0},"size":{"x":18.08389,"y":31.79681}},{"uid":11,"rotation":0,"visible":false,"locked":true,"color":"FFFFFF00","textcolor":"000000","image":"Group","value":0,"text":"","fontSize":0,"parentName":"","objectType":8,"thisOC":null,"name":"SupplyNetworkGroup","pos":{"x":-16.5,"y":-1,"z":0},"size":{"x":470.000122,"y":300.000031}},{"uid":12,"rotation":0,"visible":true,"locked":true,"color":"A18DA8","textcolor":"000000","image":"panel_blank_1","value":0,"text":"","fontSize":0,"parentName":"SupplyNetworkGroup","objectType":3,"thisOC":null,"name":"phone_background","pos":{"x":-5.722046e-6,"y":-2.56299973e-6,"z":0},"size":{"x":470,"y":300}},{"uid":13,"rotation":0,"visible":true,"locked":true,"color":"FFFFFF","textcolor":"000000","image":"Study 2 Network Disruption","value":0,"text":"","fontSize":0,"parentName":"SupplyNetworkGroup","objectType":0,"thisOC":null,"name":"Study 2 Network Disruption","pos":{"x":-5.722046e-6,"y":0.999997437,"z":0},"size":{"x":470,"y":220}},{"uid":14,"rotation":0,"visible":false,"locked":true,"color":"FFFFFF","textcolor":"000000","image":"Study 2 Network Disruption_2","value":0,"text":"","fontSize":0,"parentName":"","objectType":0,"thisOC":null,"name":"Study2NetworkDisruption_2","pos":{"x":-674.1,"y":329.59726,"z":0},"size":{"x":354.57,"y":165.9822}}],"recent_assets":["Text","Study 2 Network","tv_1","tv_1","tv_1","tv_1"],"recent_backgrounds":[],"recent_characters":[],"layoutScale":0.620921135,"layoutPosition":{"x":-28.02597,"y":-49.9709778},"scriptorScale":0.9090901,"scriptorPosition":{"x":-2460.37622,"y":-746.0432},"layoutParamSet":true,"scriptorParamSet":true},"started":false}