{"dictNodes":{"0":{"name":"Start","next":"29054","tru":"True","index":"0","posX":"-17.82024","posY":"18.81271","minimized":"False","advance_mode":"OnClick","type":"start"},"29054":{"content":"Thank you for playing this game and for participating in our research. ","owner":"Doctor_Male1","speaking":"True","name":"Dialogue","next":"29103","tru":"True","index":"29054","posX":"-14.04246","posY":"17.99773","minimized":"False","advance_mode":"OnClick","type":"dialogue"},"29055":{"content":"In this experiment we had 2 different conditions, and you were randomly assigned to one of them when you started playing the game. ","owner":"Doctor_Male1","speaking":"True","name":"Dialogue","next":"29059","tru":"True","index":"29055","posX":"-3.527707","posY":"18.49661","minimized":"False","advance_mode":"OnClick","type":"dialogue"},"29057":{"content":"Part of the variations in each condition was based on whether the disruption affects Manufacturer 1 or Manufacturer 2.","owner":"Doctor_Male1","speaking":"True","name":"Dialogue","next":"29059","tru":"True","index":"29057","posX":"-0.2039963","posY":"14.94133","minimized":"False","advance_mode":"OnClick","type":"dialogue"},"29058":{"content":"The condition you were assigned to didn't include any disruption.","owner":"Doctor_Male1","speaking":"True","name":"Dialogue","next":"29065","tru":"True","index":"29058","posX":"8.235654","posY":"21.50433","minimized":"False","advance_mode":"OnClick","type":"dialogue"},"29059":{"choices":"29058~~{condition} = 1~-~29061~~{condition} = 2~-~29136~~{condition} = 3~-~29061~~{condition} = 4~-~29136~~{condition} = 5~-~29061~~{condition} = 6~-~29062~~{condition} = 7~-~-1~~true~-~","isRandom":"False","name":"Branch","next":"-1","tru":"True","index":"29059","posX":"3.927238","posY":"19.3012","minimized":"False","advance_mode":"OnClick","type":"if"},"29061":{"content":"The condition you were assigned to included a disruption in the form of a shutdown in Manufacturer 2.","owner":"Doctor_Male1","speaking":"True","name":"Dialogue","next":"29063","tru":"True","index":"29061","posX":"8.181551","posY":"18.58812","minimized":"False","advance_mode":"OnClick","type":"dialogue"},"29062":{"content":"The condition you were assigned to included a disruption in the form of a shutdown in Manufacturer 1.","owner":"Doctor_Male1","speaking":"True","name":"Dialogue","next":"29063","tru":"True","index":"29062","posX":"8.209642","posY":"15.52503","minimized":"False","advance_mode":"OnClick","type":"dialogue"},"29063":{"content":"The shutdown started on Week 28 and ended on Week 33.","owner":"Doctor_Male1","speaking":"True","name":"Dialogue","next":"29137","tru":"True","index":"29063","posX":"11.77175","posY":"17.14682","minimized":"False","advance_mode":"OnClick","type":"dialogue"},"29065":{"content":"We also made variations in each condition based on different types of information sharing.","owner":"Doctor_Male1","speaking":"True","name":"Dialogue","next":"29066","tru":"True","index":"29065","posX":"15.49307","posY":"20.06577","minimized":"False","advance_mode":"OnClick","type":"dialogue"},"29066":{"content":"These different types included access to partial information by showing you only the Manufacturer's inventory level, ...","owner":"Doctor_Male1","speaking":"True","name":"Dialogue","next":"29138","tru":"True","index":"29066","posX":"18.71131","posY":"20.09733","minimized":"False","advance_mode":"OnClick","type":"dialogue"},"29067":{"content":"or access to complete information by informing you about the ordering behavior of Health-centers and delivery rates in addition to Manufacturer's inventory, or no access to any of this information.","owner":"Doctor_Male1","speaking":"True","name":"Dialogue","next":"29068","tru":"True","index":"29067","posX":"22.21938","posY":"19.94288","minimized":"False","advance_mode":"OnClick","type":"dialogue"},"29068":{"choices":"29069~~{condition} = 1~-~29069~~{condition} = 2~-~29069~~{condition} = 3~-~29070~~{condition} = 4~-~29139~~{condition} = 5~-~29071~~{condition} = 6~-~29071~~{condition} = 7~-~-1~~true~-~","isRandom":"False","name":"Branch","next":"-1","tru":"True","index":"29068","posX":"25.57595","posY":"20.4482","minimized":"False","advance_mode":"OnClick","type":"if"},"29069":{"content":"In the condition you were assigned to, you didn't experience any type of information sharing.","owner":"Doctor_Male1","speaking":"True","name":"Dialogue","next":"29072","tru":"True","index":"29069","posX":"29.54893","posY":"24.31198","minimized":"False","advance_mode":"OnClick","type":"dialogue"},"29070":{"content":"In the condition you were assigned to, you were only given partial information by seeing Manufacturer's inventory.","owner":"Doctor_Male1","speaking":"True","name":"Dialogue","next":"29072","tru":"True","index":"29070","posX":"29.52432","posY":"21.07735","minimized":"False","advance_mode":"OnClick","type":"dialogue"},"29071":{"content":"In the condition you were assigned to, you were given complete information by seeing Manufacturer's inventory and being informed about Health-centers' ordering behavior and delivery rates to health-centers.","owner":"Doctor_Male1","speaking":"True","name":"Dialogue","next":"29072","tru":"True","index":"29071","posX":"29.37891","posY":"15.82633","minimized":"False","advance_mode":"OnClick","type":"dialogue"},"29072":{"content":"If you are interested in this research or have any questions or feedback, please contact Omid Mohaddesi by emailing <i>\"mohaddesi.s@northeastern.edu\"</i>","owner":"Doctor_Male1","speaking":"True","name":"Dialogue","next":"29123","tru":"True","index":"29072","posX":"33.69822","posY":"21.56942","minimized":"False","advance_mode":"OnClick","type":"dialogue"},"29075":{"nextScript":"","transitionText":"None","variablePairs":"","name":"end","next":"-1","tru":"True","index":"29075","posX":"58.23338","posY":"19.9731","minimized":"False","advance_mode":"OnClick","type":"end"},"29100":{"content":"Here is how you performed...","owner":"None","speaking":"False","name":"Dialogue","next":"29055","tru":"True","index":"29100","posX":"-7.055618","posY":"18.90199","minimized":"False","advance_mode":"OnClick","type":"dialogue"},"29103":{"actionTarget":"Text","actionName":"TypeText","action_text":"Sales:\t\t{TotalSalesCum}\nCost:\t\t\t{costTotalCum}\n\nProfit:\t\t{profit}","action_type-speed":"30","name":"Action","next":"29100","tru":"True","index":"29103","posX":"-10.66591","posY":"17.70236","minimized":"False","advance_mode":"Instantly","type":"action"},"29122":{"content":"Please make sure to click SHARE DATA on the pop up that appears next! Thank you!","owner":"Doctor_Male1","speaking":"True","name":"Dialogue","next":"29075","tru":"True","index":"29122","posX":"53.20967","posY":"19.38404","minimized":"False","advance_mode":"OnClick","type":"dialogue"},"29123":{"choiceType":"simple","content":"Before you leave, please let me know how did you hear about this experiment?","owner":"Doctor_Male1","speaking":"True","prompted":"True","timed":"False","timer":"-1","choices":"29124~~Social Media~~False~~none~~true~-~29125~~Northeastern University~~False~~none~~true~-~29140~~Georgia Tech Course~~False~~none~~true~-~29127~~Other~~False~~none~~true~-~","variable":null,"name":"Player Choice","next":"-1","tru":"True","index":"29123","posX":"37.09602","posY":"18.73364","minimized":"False","advance_mode":"OnClick","type":"choice"},"29124":{"displayName":null,"owner":"{where}","newValue":"Social Media","fromVariable":"False","get":"True","name":"Set Variable","next":"29122","tru":"True","index":"29124","posX":"40.99761","posY":"22.22089","minimized":"False","advance_mode":"OnClick","type":"variable"},"29125":{"displayName":null,"owner":"{where}","newValue":"Northeastern University","fromVariable":"False","get":"True","name":"Set Variable","next":"29133","tru":"True","index":"29125","posX":"40.98379","posY":"18.79538","minimized":"False","advance_mode":"OnClick","type":"variable"},"29126":{"displayName":null,"owner":"{where}","newValue":"Amezon Mechanical Turk (MTurk)","fromVariable":"False","get":"True","name":"Set Variable","next":"29128","tru":"True","index":"29126","posX":"40.96569","posY":"15.28262","minimized":"False","advance_mode":"OnClick","type":"variable"},"29127":{"displayName":null,"owner":"{where}","newValue":"Other","fromVariable":"False","get":"True","name":"Set Variable","next":"29122","tru":"True","index":"29127","posX":"41.01347","posY":"11.64458","minimized":"False","advance_mode":"OnClick","type":"variable"},"29128":{"functionType":"CallAPI_GET","functionDetail":"https://studycrafter.com/db/sc_functions.php?action=sc_get_unique_id&platform=MTurk","functionDetail2":"{mturk_code}","functionDetail3":"","functionDetail4":"","functionDetail5":"","name":"Call Function","next":"29130","tru":"True","index":"29128","posX":"44.26939","posY":"15.50123","minimized":"False","advance_mode":"OnClick","type":"callfunction"},"29129":{"content":"Please write down the code below and provide to your instructor to verify you actually completed this assignment. Also, please make sure to click SHARE DATA on the pop up that appears next! Thank you!","owner":"Doctor_Male1","speaking":"True","name":"Dialogue","next":"29075","tru":"True","index":"29129","posX":"54.90652","posY":"15.32776","minimized":"False","advance_mode":"OnClick","type":"dialogue"},"29130":{"actionTarget":"mturk_code_box","actionName":"TypeText","action_text":"Your Code is:\n\n{mturk_code}","action_type-speed":"0","name":"Action","next":"29131","tru":"True","index":"29130","posX":"47.94502","posY":"14.76271","minimized":"False","advance_mode":"Instantly","type":"action"},"29131":{"actionTarget":"mturk_code_box","actionName":"Visibility","action_hidden":"False","name":"Action","next":"29129","tru":"True","index":"29131","posX":"51.55694","posY":"15.59575","minimized":"False","advance_mode":"Instantly","type":"action"},"29133":{"functionType":"CallAPI_GET","functionDetail":"https://studycrafter.com/db/sc_functions.php?action=sc_get_unique_id&platform=NEU","functionDetail2":"{mturk_code}","functionDetail3":"","functionDetail4":"","functionDetail5":"","name":"Call Function","next":"29130","tru":"True","index":"29133","posX":"44.29975","posY":"19.28456","minimized":"False","advance_mode":"OnClick","type":"callfunction"},"29135":{"content":"In this experiment we had 6 different conditions, and you were randomly assigned to one of them when you started playing the game. ","owner":"Doctor_Male1","speaking":"True","name":"Dialogue","next":"29057","tru":"True","index":"29135","posX":"-3.397864","posY":"14.83533","minimized":"False","advance_mode":"OnClick","type":"dialogue"},"29136":{"content":"Both conditions  included a disruption in the form of a shutdown in Manufacturer 1.","owner":"Doctor_Male1","speaking":"True","name":"Dialogue","next":"29063","tru":"True","index":"29136","posX":"8.186266","posY":"12.34941","minimized":"False","advance_mode":"OnClick","type":"dialogue"},"29137":{"content":"However, we made variations in each condition based on different types of information sharing.","owner":"Doctor_Male1","speaking":"True","name":"Dialogue","next":"29066","tru":"True","index":"29137","posX":"15.4621","posY":"16.98127","minimized":"False","advance_mode":"OnClick","type":"dialogue"},"29138":{"content":"... or no access to any of this information.","owner":"Doctor_Male1","speaking":"True","name":"Dialogue","next":"29068","tru":"True","index":"29138","posX":"22.19687","posY":"16.29765","minimized":"False","advance_mode":"OnClick","type":"dialogue"},"29139":{"content":"In the condition you were assigned to, you were given information by seeing Manufacturer's inventory.","owner":"Doctor_Male1","speaking":"True","name":"Dialogue","next":"29072","tru":"True","index":"29139","posX":"29.56294","posY":"19.31225","minimized":"False","advance_mode":"OnClick","type":"dialogue"},"29140":{"displayName":null,"owner":"{where}","newValue":"Georgia Tech Course","fromVariable":"False","get":"True","name":"Set Variable","next":"29122","tru":"True","index":"29140","posX":"40.94246","posY":"16.03798","minimized":"False","advance_mode":"OnClick","type":"variable"}},"scene":{"name":"Scene 1","title":"Debriefing","pos":{"x":0.0,"y":0.0,"z":0.0},"uid":"11282","background":"wall_inside_22","furniture":[{"uid":0,"rotation":0.0,"visible":true,"locked":true,"color":"FFFFFF","textcolor":"000000","image":"wall_inside_22","value":0.0,"text":"","fontSize":0,"parentName":"","objectType":0,"thisOC":null,"name":"Background","pos":{"x":0.0,"y":0.0,"z":0.0},"size":{"x":960.0,"y":540.0}},{"uid":1,"rotation":0.0,"visible":true,"locked":true,"color":"FFFFFF","textcolor":"000000","image":"plant_2","value":0.0,"text":"","fontSize":0,"parentName":"","objectType":0,"thisOC":null,"name":"plant2","pos":{"x":-319.8033,"y":-65.3968048,"z":0.0},"size":{"x":160.9821,"y":255.404419}},{"uid":2,"rotation":0.0,"visible":true,"locked":true,"color":"FFFFFF","textcolor":"000000","image":"frame_8","value":0.0,"text":"","fontSize":0,"parentName":"","objectType":0,"thisOC":null,"name":"Photoframe","pos":{"x":-55.31624,"y":155.870834,"z":0.0},"size":{"x":100.0,"y":121.0}},{"uid":3,"rotation":0.0,"visible":true,"locked":true,"color":"FFFFFF","textcolor":"000000","image":"board_1","value":0.0,"text":"","fontSize":0,"parentName":"","objectType":0,"thisOC":null,"name":"board_1","pos":{"x":-82.93211,"y":-101.084457,"z":0.0},"size":{"x":269.285217,"y":286.640259}},{"uid":4,"rotation":0.0,"visible":true,"locked":true,"color":"FFFFFF00","textcolor":"000000","image":"Text","value":0.0,"text":"","fontSize":20,"parentName":"","objectType":2,"thisOC":null,"name":"Text","pos":{"x":-72.47912,"y":-40.59297,"z":0.0},"size":{"x":249.276764,"y":118.955688}},{"uid":5,"rotation":0.0,"visible":true,"locked":true,"color":"FFFFFF00","textcolor":"000000","image":"Group","value":0.0,"text":"","fontSize":0,"parentName":"","objectType":8,"thisOC":null,"name":"Group","pos":{"x":255.434631,"y":78.04743,"z":0.0},"size":{"x":376.802063,"y":258.166626}},{"uid":6,"rotation":0.0,"visible":true,"locked":true,"color":"FFFFFF","textcolor":"000000","image":"jeopardy_whiteboard_1","value":0.0,"text":"","fontSize":0,"parentName":"Group","objectType":0,"thisOC":null,"name":"Jeopardy Represent-Whiteboard","pos":{"x":7.62939453E-05,"y":-3.05175781E-05,"z":0.0},"size":{"x":376.802124,"y":258.166626}},{"uid":7,"rotation":0.0,"visible":true,"locked":true,"color":"A18DA8","textcolor":"000000","image":"panel_blank_1","value":0.0,"text":"","fontSize":0,"parentName":"Group","objectType":3,"thisOC":null,"name":"panel_blank_1","pos":{"x":-0.191116333,"y":0.6455536,"z":0.0},"size":{"x":365.0,"y":242.0}},{"uid":8,"rotation":0.0,"visible":true,"locked":true,"color":"FFFFFF","textcolor":"000000","image":"Study 2 Network","value":0.0,"text":"","fontSize":0,"parentName":"Group","objectType":0,"thisOC":null,"name":"Study 2 Network","pos":{"x":-0.210174561,"y":-1.60736084,"z":0.0},"size":{"x":347.580475,"y":162.710251}},{"uid":9,"rotation":0.0,"visible":true,"locked":true,"color":"FFFFFF","textcolor":"000000","image":"male_doctor_1","value":0.0,"text":"","fontSize":0,"parentName":"","objectType":0,"thisOC":null,"name":"Doctor_Male1","pos":{"x":-377.904877,"y":-92.38394,"z":0.0},"size":{"x":95.0,"y":310.0}},{"uid":10,"rotation":0.0,"visible":false,"locked":true,"color":"FFFFFF","textcolor":"000000","image":"button_blank_1","value":0.0,"text":"","fontSize":20,"parentName":"","objectType":1,"thisOC":null,"name":"mturk_code_box","pos":{"x":0.0,"y":-170.0,"z":0.0},"size":{"x":500.0,"y":100.0}}],"recent_assets":["button_blank_1"],"recent_backgrounds":[],"recent_characters":[],"layoutScale":0.6830132,"layoutPosition":{"x":-46.8158951,"y":-34.2516022},"scriptorScale":0.999999642,"scriptorPosition":{"x":400.024261,"y":-1658.195},"layoutParamSet":true,"scriptorParamSet":true},"started":false}