{"dictNodes":{"0":{"name":"Start","next":"119","tru":"True","index":"0","posX":"0","posY":"0","minimized":"False","advance_mode":"OnClick","type":"start"},"3":{"customEventName":"","eventDetails":"L1-1","startsActive":"True","takesFocus":"True","eventType":"ObjectClick","name":"Event","next":"28","tru":"True","index":"3","posX":"0.443271","posY":"-10.10586","minimized":"False","advance_mode":"OnClick","type":"event"},"6":{"actionTarget":"L1-1","actionName":"ChangeColor","action_color":"1ca81e","name":"Action","next":"15","tru":"True","index":"6","posX":"6.719953","posY":"-10.1306","minimized":"False","advance_mode":"Instantly","type":"action"},"12":{"functionName":"reset_all_1","takesFocus":"True","name":"Make Function","next":"23","tru":"True","index":"12","posX":"0.4643285","posY":"-5.504643","minimized":"False","advance_mode":"OnClick","type":"customfunction"},"15":{"displayName":null,"owner":"{Q9}","newValue":"1","fromVariable":"False","get":"True","name":"Set Variable","next":"332","tru":"True","index":"15","posX":"9.823173","posY":"-10.10931","minimized":"False","advance_mode":"OnClick","type":"variable"},"16":{"displayName":null,"owner":"{Q9}","newValue":"2","fromVariable":"False","get":"True","name":"Set Variable","next":"332","tru":"True","index":"16","posX":"9.832454","posY":"-14.03073","minimized":"False","advance_mode":"OnClick","type":"variable"},"17":{"actionTarget":"L1-2","actionName":"ChangeColor","action_color":"1ca81e","name":"Action","next":"16","tru":"True","index":"17","posX":"6.729238","posY":"-14.03761","minimized":"False","advance_mode":"Instantly","type":"action"},"18":{"customEventName":"","eventDetails":"L1-2","startsActive":"True","takesFocus":"True","eventType":"ObjectClick","name":"Event","next":"29","tru":"True","index":"18","posX":"0.438142","posY":"-14.07052","minimized":"False","advance_mode":"OnClick","type":"event"},"22":{"actionTarget":"L1-2","actionName":"ChangeColor","action_color":"FFFFFF","name":"Action","next":"25","tru":"True","index":"22","posX":"7.038574","posY":"-5.488628","minimized":"False","advance_mode":"Instantly","type":"action"},"23":{"actionTarget":"L1-1","actionName":"ChangeColor","action_color":"FFFFFF","name":"Action","next":"22","tru":"True","index":"23","posX":"3.687605","posY":"-5.521441","minimized":"False","advance_mode":"Instantly","type":"action"},"24":{"actionTarget":"L1-4","actionName":"ChangeColor","action_color":"FFFFFF","name":"Action","next":"26","tru":"True","index":"24","posX":"13.42078","posY":"-5.497944","minimized":"False","advance_mode":"Instantly","type":"action"},"25":{"actionTarget":"L1-3","actionName":"ChangeColor","action_color":"FFFFFF","name":"Action","next":"24","tru":"True","index":"25","posX":"10.17737","posY":"-5.503876","minimized":"False","advance_mode":"Instantly","type":"action"},"26":{"actionTarget":"L1-5","actionName":"ChangeColor","action_color":"FFFFFF","name":"Action","next":"214","tru":"True","index":"26","posX":"16.55817","posY":"-5.514352","minimized":"False","advance_mode":"Instantly","type":"action"},"28":{"functionType":"CustomFunction","functionDetail":"reset_all_1","functionDetail2":"","functionDetail3":"","functionDetail4":"","functionDetail5":"","name":"Call Function","next":"6","tru":"True","index":"28","posX":"3.602492","posY":"-10.13439","minimized":"False","advance_mode":"OnClick","type":"callfunction"},"29":{"functionType":"CustomFunction","functionDetail":"reset_all_1","functionDetail2":"","functionDetail3":"","functionDetail4":"","functionDetail5":"","name":"Call Function","next":"17","tru":"True","index":"29","posX":"3.618647","posY":"-14.0379","minimized":"False","advance_mode":"OnClick","type":"callfunction"},"30":{"displayName":null,"owner":"{Q9}","newValue":"3","fromVariable":"False","get":"True","name":"Set Variable","next":"332","tru":"True","index":"30","posX":"9.853145","posY":"-18.04583","minimized":"False","advance_mode":"OnClick","type":"variable"},"31":{"actionTarget":"L1-3","actionName":"ChangeColor","action_color":"1ca81e","name":"Action","next":"30","tru":"True","index":"31","posX":"6.749928","posY":"-18.05271","minimized":"False","advance_mode":"Instantly","type":"action"},"32":{"customEventName":"","eventDetails":"L1-3","startsActive":"True","takesFocus":"True","eventType":"ObjectClick","name":"Event","next":"33","tru":"True","index":"32","posX":"0.4588339","posY":"-18.08562","minimized":"False","advance_mode":"OnClick","type":"event"},"33":{"functionType":"CustomFunction","functionDetail":"reset_all_1","functionDetail2":"","functionDetail3":"","functionDetail4":"","functionDetail5":"","name":"Call Function","next":"31","tru":"True","index":"33","posX":"3.639338","posY":"-18.053","minimized":"False","advance_mode":"OnClick","type":"callfunction"},"34":{"displayName":null,"owner":"{Q9}","newValue":"4","fromVariable":"False","get":"True","name":"Set Variable","next":"332","tru":"True","index":"34","posX":"9.853136","posY":"-21.99514","minimized":"False","advance_mode":"OnClick","type":"variable"},"35":{"actionTarget":"L1-4","actionName":"ChangeColor","action_color":"1ca81e","name":"Action","next":"34","tru":"True","index":"35","posX":"6.749919","posY":"-22.00202","minimized":"False","advance_mode":"Instantly","type":"action"},"36":{"customEventName":"","eventDetails":"L1-4","startsActive":"True","takesFocus":"True","eventType":"ObjectClick","name":"Event","next":"37","tru":"True","index":"36","posX":"0.4588242","posY":"-22.03493","minimized":"False","advance_mode":"OnClick","type":"event"},"37":{"functionType":"CustomFunction","functionDetail":"reset_all_1","functionDetail2":"","functionDetail3":"","functionDetail4":"","functionDetail5":"","name":"Call Function","next":"35","tru":"True","index":"37","posX":"3.63933","posY":"-22.00231","minimized":"False","advance_mode":"OnClick","type":"callfunction"},"38":{"displayName":null,"owner":"{Q9}","newValue":"5","fromVariable":"False","get":"True","name":"Set Variable","next":"332","tru":"True","index":"38","posX":"9.896374","posY":"-25.87238","minimized":"False","advance_mode":"OnClick","type":"variable"},"39":{"actionTarget":"L1-5","actionName":"ChangeColor","action_color":"1ca81e","name":"Action","next":"38","tru":"True","index":"39","posX":"6.79316","posY":"-25.87926","minimized":"False","advance_mode":"Instantly","type":"action"},"40":{"customEventName":"","eventDetails":"L1-5","startsActive":"True","takesFocus":"True","eventType":"ObjectClick","name":"Event","next":"41","tru":"True","index":"40","posX":"0.5020634","posY":"-25.91217","minimized":"False","advance_mode":"OnClick","type":"event"},"41":{"functionType":"CustomFunction","functionDetail":"reset_all_1","functionDetail2":"","functionDetail3":"","functionDetail4":"","functionDetail5":"","name":"Call Function","next":"39","tru":"True","index":"41","posX":"3.68257","posY":"-25.87955","minimized":"False","advance_mode":"OnClick","type":"callfunction"},"44":{"customEventName":"","eventDetails":"L2-1","startsActive":"True","takesFocus":"True","eventType":"ObjectClick","name":"Event","next":"56","tru":"True","index":"44","posX":"31.49922","posY":"-10.86003","minimized":"False","advance_mode":"OnClick","type":"event"},"45":{"actionTarget":"L2-1","actionName":"ChangeColor","action_color":"1ca81e","name":"Action","next":"47","tru":"True","index":"45","posX":"37.7759","posY":"-10.88476","minimized":"False","advance_mode":"Instantly","type":"action"},"46":{"functionName":"reset_all_2","takesFocus":"True","name":"Make Function","next":"52","tru":"True","index":"46","posX":"31.52027","posY":"-6.258804","minimized":"False","advance_mode":"OnClick","type":"customfunction"},"47":{"displayName":null,"owner":"{Q10}","newValue":"1","fromVariable":"False","get":"True","name":"Set Variable","next":"333","tru":"True","index":"47","posX":"40.93973","posY":"-10.86347","minimized":"False","advance_mode":"OnClick","type":"variable"},"48":{"displayName":null,"owner":"{Q10}","newValue":"2","fromVariable":"False","get":"True","name":"Set Variable","next":"333","tru":"True","index":"48","posX":"40.8884","posY":"-14.78489","minimized":"False","advance_mode":"OnClick","type":"variable"},"49":{"actionTarget":"L2-2","actionName":"ChangeColor","action_color":"1ca81e","name":"Action","next":"48","tru":"True","index":"49","posX":"37.78518","posY":"-14.79177","minimized":"False","advance_mode":"Instantly","type":"action"},"50":{"customEventName":"","eventDetails":"L2-2","startsActive":"True","takesFocus":"True","eventType":"ObjectClick","name":"Event","next":"57","tru":"True","index":"50","posX":"31.49408","posY":"-14.82469","minimized":"False","advance_mode":"OnClick","type":"event"},"51":{"actionTarget":"L2-2","actionName":"ChangeColor","action_color":"FFFFFF","name":"Action","next":"54","tru":"True","index":"51","posX":"38.09453","posY":"-6.24279","minimized":"False","advance_mode":"Instantly","type":"action"},"52":{"actionTarget":"L2-1","actionName":"ChangeColor","action_color":"FFFFFF","name":"Action","next":"51","tru":"True","index":"52","posX":"34.74355","posY":"-6.275607","minimized":"False","advance_mode":"Instantly","type":"action"},"53":{"actionTarget":"L2-4","actionName":"ChangeColor","action_color":"FFFFFF","name":"Action","next":"55","tru":"True","index":"53","posX":"44.47672","posY":"-6.252106","minimized":"False","advance_mode":"Instantly","type":"action"},"54":{"actionTarget":"L2-3","actionName":"ChangeColor","action_color":"FFFFFF","name":"Action","next":"53","tru":"True","index":"54","posX":"41.23331","posY":"-6.258042","minimized":"False","advance_mode":"Instantly","type":"action"},"55":{"actionTarget":"L2-5","actionName":"ChangeColor","action_color":"FFFFFF","name":"Action","next":"216","tru":"True","index":"55","posX":"47.59804","posY":"-6.284594","minimized":"False","advance_mode":"Instantly","type":"action"},"56":{"functionType":"CustomFunction","functionDetail":"reset_all_2","functionDetail2":"","functionDetail3":"","functionDetail4":"","functionDetail5":"","name":"Call Function","next":"45","tru":"True","index":"56","posX":"34.65844","posY":"-10.88856","minimized":"False","advance_mode":"OnClick","type":"callfunction"},"57":{"functionType":"CustomFunction","functionDetail":"reset_all_2","functionDetail2":"","functionDetail3":"","functionDetail4":"","functionDetail5":"","name":"Call Function","next":"49","tru":"True","index":"57","posX":"34.67459","posY":"-14.79206","minimized":"False","advance_mode":"OnClick","type":"callfunction"},"58":{"displayName":null,"owner":"{Q10}","newValue":"3","fromVariable":"False","get":"True","name":"Set Variable","next":"333","tru":"True","index":"58","posX":"40.9091","posY":"-18.79999","minimized":"False","advance_mode":"OnClick","type":"variable"},"59":{"actionTarget":"L2-3","actionName":"ChangeColor","action_color":"1ca81e","name":"Action","next":"58","tru":"True","index":"59","posX":"37.80588","posY":"-18.80686","minimized":"False","advance_mode":"Instantly","type":"action"},"60":{"customEventName":"","eventDetails":"L2-3","startsActive":"True","takesFocus":"True","eventType":"ObjectClick","name":"Event","next":"61","tru":"True","index":"60","posX":"31.51478","posY":"-18.83979","minimized":"False","advance_mode":"OnClick","type":"event"},"61":{"functionType":"CustomFunction","functionDetail":"reset_all_2","functionDetail2":"","functionDetail3":"","functionDetail4":"","functionDetail5":"","name":"Call Function","next":"59","tru":"True","index":"61","posX":"34.69528","posY":"-18.80717","minimized":"False","advance_mode":"OnClick","type":"callfunction"},"62":{"displayName":null,"owner":"{Q10}","newValue":"4","fromVariable":"False","get":"True","name":"Set Variable","next":"333","tru":"True","index":"62","posX":"40.90907","posY":"-22.7493","minimized":"False","advance_mode":"OnClick","type":"variable"},"63":{"actionTarget":"L2-4","actionName":"ChangeColor","action_color":"1ca81e","name":"Action","next":"62","tru":"True","index":"63","posX":"37.80586","posY":"-22.75618","minimized":"False","advance_mode":"Instantly","type":"action"},"64":{"customEventName":"","eventDetails":"L2-4","startsActive":"True","takesFocus":"True","eventType":"ObjectClick","name":"Event","next":"65","tru":"True","index":"64","posX":"31.51477","posY":"-22.78909","minimized":"False","advance_mode":"OnClick","type":"event"},"65":{"functionType":"CustomFunction","functionDetail":"reset_all_2","functionDetail2":"","functionDetail3":"","functionDetail4":"","functionDetail5":"","name":"Call Function","next":"63","tru":"True","index":"65","posX":"34.69527","posY":"-22.75647","minimized":"False","advance_mode":"OnClick","type":"callfunction"},"66":{"displayName":null,"owner":"{Q10}","newValue":"5","fromVariable":"False","get":"True","name":"Set Variable","next":"333","tru":"True","index":"66","posX":"40.95232","posY":"-26.62654","minimized":"False","advance_mode":"OnClick","type":"variable"},"67":{"actionTarget":"L2-5","actionName":"ChangeColor","action_color":"1ca81e","name":"Action","next":"66","tru":"True","index":"67","posX":"37.84911","posY":"-26.63343","minimized":"False","advance_mode":"Instantly","type":"action"},"68":{"customEventName":"","eventDetails":"L2-5","startsActive":"True","takesFocus":"True","eventType":"ObjectClick","name":"Event","next":"69","tru":"True","index":"68","posX":"31.558","posY":"-26.66634","minimized":"False","advance_mode":"OnClick","type":"event"},"69":{"functionType":"CustomFunction","functionDetail":"reset_all_2","functionDetail2":"","functionDetail3":"","functionDetail4":"","functionDetail5":"","name":"Call Function","next":"67","tru":"True","index":"69","posX":"34.73852","posY":"-26.63371","minimized":"False","advance_mode":"OnClick","type":"callfunction"},"98":{"customEventName":"next","eventDetails":"next","startsActive":"False","takesFocus":"True","eventType":"ObjectClick","name":"Event","next":"197","tru":"True","index":"98","posX":"27.15968","posY":"-1.339197","minimized":"False","advance_mode":"OnClick","type":"event"},"99":{"choices":"102~~{Q9} = 0~-~102~~{Q10} = 0~-~197~~true~-~","isRandom":"False","name":"Branch","next":"-1","tru":"True","index":"99","posX":"20.63163","posY":"6.600524","minimized":"False","advance_mode":"OnClick","type":"if"},"102":{"choiceType":"simple","content":"You have unanswered questions. Are you sure you want to continue?","owner":"","speaking":"False","prompted":"True","timed":"False","timer":"-1","choices":"197~~Yes~~False~~none~~true~-~-1~~No~~False~~none~~true~-~","variable":null,"name":"Player Choice","next":"-1","tru":"True","index":"102","posX":"24.29389","posY":"8.165443","minimized":"False","advance_mode":"OnClick","type":"choice"},"103":{"nextScript":"Page 4","transitionText":"None","variablePairs":"","name":"end","next":"-1","tru":"True","index":"103","posX":"34.99765","posY":"0.5587716","minimized":"False","advance_mode":"OnClick","type":"end"},"114":{"functionName":"setup","takesFocus":"False","name":"Make Function","next":"115","tru":"True","index":"114","posX":"1.486151","posY":"-49.25248","minimized":"False","advance_mode":"OnClick","type":"customfunction"},"115":{"choices":"120~~{Q9} = 1~-~121~~{Q9} = 2~-~122~~{Q9} = 3~-~123~~{Q9} = 4~-~124~~{Q9} = 5~-~248~~{Q9} = 6~-~243~~{Q9} = 7~-~-1~~true~-~","isRandom":"False","name":"Branch","next":"-1","tru":"True","index":"115","posX":"5.453845","posY":"-49.29684","minimized":"False","advance_mode":"OnClick","type":"if"},"119":{"functionType":"CustomFunction","functionDetail":"setup","functionDetail2":"","functionDetail3":"","functionDetail4":"","functionDetail5":"","name":"Call Function","next":"176","tru":"True","index":"119","posX":"3.56326","posY":"0.02237684","minimized":"False","advance_mode":"OnClick","type":"callfunction"},"120":{"actionTarget":"L1-1","actionName":"ChangeColor","action_color":"1ca81e","name":"Action","next":"125","tru":"True","index":"120","posX":"9.789934","posY":"-44.56694","minimized":"False","advance_mode":"Instantly","type":"action"},"121":{"actionTarget":"L1-2","actionName":"ChangeColor","action_color":"1ca81e","name":"Action","next":"125","tru":"True","index":"121","posX":"9.799219","posY":"-48.47396","minimized":"False","advance_mode":"Instantly","type":"action"},"122":{"actionTarget":"L1-3","actionName":"ChangeColor","action_color":"1ca81e","name":"Action","next":"125","tru":"True","index":"122","posX":"9.819908","posY":"-52.48906","minimized":"False","advance_mode":"Instantly","type":"action"},"123":{"actionTarget":"L1-4","actionName":"ChangeColor","action_color":"1ca81e","name":"Action","next":"125","tru":"True","index":"123","posX":"9.819897","posY":"-56.43837","minimized":"False","advance_mode":"Instantly","type":"action"},"124":{"actionTarget":"L1-5","actionName":"ChangeColor","action_color":"1ca81e","name":"Action","next":"125","tru":"True","index":"124","posX":"9.86314","posY":"-60.3156","minimized":"False","advance_mode":"Instantly","type":"action"},"125":{"choices":"137~~{Q10} = 1~-~138~~{Q10} = 2~-~139~~{Q10} = 3~-~140~~{Q10} = 4~-~141~~{Q10} = 5~-~247~~{Q10} = 6~-~244~~{Q10} = 7~-~-1~~true~-~","isRandom":"False","name":"Branch","next":"-1","tru":"True","index":"125","posX":"14.21447","posY":"-49.15314","minimized":"False","advance_mode":"OnClick","type":"if"},"137":{"actionTarget":"L2-1","actionName":"ChangeColor","action_color":"1ca81e","name":"Action","next":"-1","tru":"True","index":"137","posX":"18.12823","posY":"-44.34978","minimized":"False","advance_mode":"Instantly","type":"action"},"138":{"actionTarget":"L2-2","actionName":"ChangeColor","action_color":"1ca81e","name":"Action","next":"-1","tru":"True","index":"138","posX":"18.13751","posY":"-48.25681","minimized":"False","advance_mode":"Instantly","type":"action"},"139":{"actionTarget":"L2-3","actionName":"ChangeColor","action_color":"1ca81e","name":"Action","next":"-1","tru":"True","index":"139","posX":"18.1582","posY":"-52.27188","minimized":"False","advance_mode":"Instantly","type":"action"},"140":{"actionTarget":"L2-4","actionName":"ChangeColor","action_color":"1ca81e","name":"Action","next":"-1","tru":"True","index":"140","posX":"18.15819","posY":"-56.22119","minimized":"False","advance_mode":"Instantly","type":"action"},"141":{"actionTarget":"L2-5","actionName":"ChangeColor","action_color":"1ca81e","name":"Action","next":"-1","tru":"True","index":"141","posX":"18.20143","posY":"-60.09845","minimized":"False","advance_mode":"Instantly","type":"action"},"172":{"displayName":null,"owner":"{progress}","newValue":"{sceneNo}/{noOfScenes} * 100","fromVariable":"False","get":"True","name":"Set Variable","next":"175","tru":"True","index":"172","posX":"3.130505","posY":"6.666082","minimized":"False","advance_mode":"OnClick","type":"variable"},"173":{"actionTarget":"progress_text","actionName":"TypeText","action_text":"{progress}%","action_type-speed":"0","name":"Action","next":"-1","tru":"True","index":"173","posX":"9.298861","posY":"6.666084","minimized":"False","advance_mode":"Instantly","type":"action"},"175":{"actionTarget":"BasicMeter","actionName":"ChangeValue","action_value":"{progress}","action_time":"0","action_easing":"linear","name":"Action","next":"173","tru":"True","index":"175","posX":"6.196137","posY":"6.653721","minimized":"False","advance_mode":"Instantly","type":"action"},"176":{"functionType":"CustomFunction","functionDetail":"progress","functionDetail2":"","functionDetail3":"","functionDetail4":"","functionDetail5":"","name":"Call Function","next":"-1","tru":"True","index":"176","posX":"6.604066","posY":"0.01562873","minimized":"False","advance_mode":"OnClick","type":"callfunction"},"177":{"functionName":"progress","takesFocus":"False","name":"Make Function","next":"172","tru":"True","index":"177","posX":"-0.3456855","posY":"6.718462","minimized":"False","advance_mode":"OnClick","type":"customfunction"},"197":{"displayName":null,"owner":"{sceneNo}","newValue":"{sceneNo} + 1","fromVariable":"False","get":"True","name":"Set Variable","next":"103","tru":"True","index":"197","posX":"31.08714","posY":"0.2433452","minimized":"False","advance_mode":"OnClick","type":"variable"},"213":{"actionTarget":"L1-7","actionName":"ChangeColor","action_color":"FFFFFF","name":"Action","next":"-1","tru":"True","index":"213","posX":"22.75158","posY":"-5.560446","minimized":"False","advance_mode":"Instantly","type":"action"},"214":{"actionTarget":"L1-6","actionName":"ChangeColor","action_color":"FFFFFF","name":"Action","next":"213","tru":"True","index":"214","posX":"19.6142","posY":"-5.544038","minimized":"False","advance_mode":"Instantly","type":"action"},"215":{"actionTarget":"L2-7","actionName":"ChangeColor","action_color":"FFFFFF","name":"Action","next":"-1","tru":"True","index":"215","posX":"53.77315","posY":"-6.364699","minimized":"False","advance_mode":"Instantly","type":"action"},"216":{"actionTarget":"L2-6","actionName":"ChangeColor","action_color":"FFFFFF","name":"Action","next":"215","tru":"True","index":"216","posX":"50.65183","posY":"-6.332211","minimized":"False","advance_mode":"Instantly","type":"action"},"219":{"displayName":null,"owner":"{Q9}","newValue":"6","fromVariable":"False","get":"True","name":"Set Variable","next":"332","tru":"True","index":"219","posX":"9.898317","posY":"-29.90073","minimized":"False","advance_mode":"OnClick","type":"variable"},"220":{"actionTarget":"L1-6","actionName":"ChangeColor","action_color":"1ca81e","name":"Action","next":"219","tru":"True","index":"220","posX":"6.795098","posY":"-29.9076","minimized":"False","advance_mode":"Instantly","type":"action"},"221":{"customEventName":"","eventDetails":"L1-6","startsActive":"True","takesFocus":"True","eventType":"ObjectClick","name":"Event","next":"222","tru":"True","index":"221","posX":"0.5040053","posY":"-29.94051","minimized":"False","advance_mode":"OnClick","type":"event"},"222":{"functionType":"CustomFunction","functionDetail":"reset_all_1","functionDetail2":"","functionDetail3":"","functionDetail4":"","functionDetail5":"","name":"Call Function","next":"220","tru":"True","index":"222","posX":"3.684511","posY":"-29.90789","minimized":"False","advance_mode":"OnClick","type":"callfunction"},"223":{"displayName":null,"owner":"{Q9}","newValue":"7","fromVariable":"False","get":"True","name":"Set Variable","next":"332","tru":"True","index":"223","posX":"9.941556","posY":"-33.77796","minimized":"False","advance_mode":"OnClick","type":"variable"},"224":{"actionTarget":"L1-7","actionName":"ChangeColor","action_color":"1ca81e","name":"Action","next":"223","tru":"True","index":"224","posX":"6.83834","posY":"-33.78484","minimized":"False","advance_mode":"Instantly","type":"action"},"225":{"customEventName":"","eventDetails":"L1-7","startsActive":"True","takesFocus":"True","eventType":"ObjectClick","name":"Event","next":"226","tru":"True","index":"225","posX":"0.547244","posY":"-33.81776","minimized":"False","advance_mode":"OnClick","type":"event"},"226":{"functionType":"CustomFunction","functionDetail":"reset_all_1","functionDetail2":"","functionDetail3":"","functionDetail4":"","functionDetail5":"","name":"Call Function","next":"224","tru":"True","index":"226","posX":"3.72775","posY":"-33.78513","minimized":"False","advance_mode":"OnClick","type":"callfunction"},"227":{"displayName":null,"owner":"{Q10}","newValue":"6","fromVariable":"False","get":"True","name":"Set Variable","next":"333","tru":"True","index":"227","posX":"41.10482","posY":"-30.60166","minimized":"False","advance_mode":"OnClick","type":"variable"},"228":{"actionTarget":"L2-6","actionName":"ChangeColor","action_color":"1ca81e","name":"Action","next":"227","tru":"True","index":"228","posX":"38.01622","posY":"-30.66695","minimized":"False","advance_mode":"Instantly","type":"action"},"229":{"customEventName":"","eventDetails":"L2-6","startsActive":"True","takesFocus":"True","eventType":"ObjectClick","name":"Event","next":"230","tru":"True","index":"229","posX":"31.71053","posY":"-30.64145","minimized":"False","advance_mode":"OnClick","type":"event"},"230":{"functionType":"CustomFunction","functionDetail":"reset_all_2","functionDetail2":"","functionDetail3":"","functionDetail4":"","functionDetail5":"","name":"Call Function","next":"228","tru":"True","index":"230","posX":"34.89103","posY":"-30.60883","minimized":"False","advance_mode":"OnClick","type":"callfunction"},"231":{"displayName":null,"owner":"{Q10}","newValue":"7","fromVariable":"False","get":"True","name":"Set Variable","next":"333","tru":"True","index":"231","posX":"41.14808","posY":"-34.4789","minimized":"False","advance_mode":"OnClick","type":"variable"},"232":{"actionTarget":"L2-7","actionName":"ChangeColor","action_color":"1ca81e","name":"Action","next":"231","tru":"True","index":"232","posX":"38.04487","posY":"-34.48579","minimized":"False","advance_mode":"Instantly","type":"action"},"233":{"customEventName":"","eventDetails":"L2-7","startsActive":"True","takesFocus":"True","eventType":"ObjectClick","name":"Event","next":"234","tru":"True","index":"233","posX":"31.75375","posY":"-34.5187","minimized":"False","advance_mode":"OnClick","type":"event"},"234":{"functionType":"CustomFunction","functionDetail":"reset_all_2","functionDetail2":"","functionDetail3":"","functionDetail4":"","functionDetail5":"","name":"Call Function","next":"232","tru":"True","index":"234","posX":"34.93428","posY":"-34.48607","minimized":"False","advance_mode":"OnClick","type":"callfunction"},"243":{"actionTarget":"L1-7","actionName":"ChangeColor","action_color":"1ca81e","name":"Action","next":"125","tru":"True","index":"243","posX":"9.996045","posY":"-68.09372","minimized":"False","advance_mode":"Instantly","type":"action"},"244":{"actionTarget":"L2-7","actionName":"ChangeColor","action_color":"1ca81e","name":"Action","next":"-1","tru":"True","index":"244","posX":"18.33433","posY":"-67.87657","minimized":"False","advance_mode":"Instantly","type":"action"},"247":{"actionTarget":"L2-6","actionName":"ChangeColor","action_color":"1ca81e","name":"Action","next":"-1","tru":"True","index":"247","posX":"18.29109","posY":"-63.99931","minimized":"False","advance_mode":"Instantly","type":"action"},"248":{"actionTarget":"L1-6","actionName":"ChangeColor","action_color":"1ca81e","name":"Action","next":"125","tru":"True","index":"248","posX":"9.952799","posY":"-64.21648","minimized":"False","advance_mode":"Instantly","type":"action"},"327":{"functionName":"activate_next","takesFocus":"True","name":"Make Function","next":"330","tru":"True","index":"327","posX":"37.41433","posY":"9.284892","minimized":"False","advance_mode":"OnClick","type":"customfunction"},"328":{"actionTarget":"next","actionName":"ChangeColor","action_color":"84D151","name":"Action","next":"329","tru":"True","index":"328","posX":"44.89757","posY":"11.4085","minimized":"False","advance_mode":"Instantly","type":"action"},"329":{"actionTarget":"next","actionName":"ChangeTextColor","action_text-color":"000000","name":"Action","next":"331","tru":"True","index":"329","posX":"47.89786","posY":"11.39817","minimized":"False","advance_mode":"Instantly","type":"action"},"330":{"choices":"-1~~{Q9} = 0~-~-1~~{Q10} = 0~-~328~~true~-~","isRandom":"False","name":"Branch","next":"-1","tru":"True","index":"330","posX":"41.11325","posY":"10.05713","minimized":"False","advance_mode":"OnClick","type":"if"},"331":{"functionType":"ActivateEvent","functionDetail":"next","functionDetail2":"","functionDetail3":"","functionDetail4":"","functionDetail5":"","name":"Call Function","next":"-1","tru":"True","index":"331","posX":"51.16539","posY":"12.20419","minimized":"False","advance_mode":"OnClick","type":"callfunction"},"332":{"functionType":"CustomFunction","functionDetail":"activate_next","functionDetail2":"","functionDetail3":"","functionDetail4":"","functionDetail5":"","name":"Call Function","next":"-1","tru":"True","index":"332","posX":"14.97886","posY":"-20.9626","minimized":"False","advance_mode":"OnClick","type":"callfunction"},"333":{"functionType":"CustomFunction","functionDetail":"activate_next","functionDetail2":"","functionDetail3":"","functionDetail4":"","functionDetail5":"","name":"Call Function","next":"-1","tru":"True","index":"333","posX":"45.84765","posY":"-20.46209","minimized":"False","advance_mode":"OnClick","type":"callfunction"}},"scene":{"name":"Scene 1","title":"Page 3","pos":{"x":0.0,"y":0.0,"z":0.0},"uid":"11285","background":"wall_inside_35","furniture":[{"uid":0,"rotation":0.0,"visible":true,"locked":true,"color":"FFFFFF","textcolor":"000000","image":"wall_inside_35","value":0.0,"text":"","fontSize":0,"parentName":"","objectType":0,"thisOC":null,"name":"Background","pos":{"x":0.0,"y":0.0,"z":0.0},"size":{"x":960.0,"y":540.0}},{"uid":1,"rotation":0.0,"visible":true,"locked":false,"color":"FFFFFF00","textcolor":"000000","image":"","value":0.0,"text":"3. What was it like playing the game?\r (cont.)","fontSize":20,"parentName":"","objectType":2,"thisOC":null,"name":"Question","pos":{"x":-207.7165,"y":194.786636,"z":0.0},"size":{"x":430.0,"y":35.6808777}},{"uid":2,"rotation":0.0,"visible":true,"locked":false,"color":"FFFFFF","textcolor":"000000","image":"button_blank_1","value":0.0,"text":"<i>I liked the look and feel of the game.</i>","fontSize":20,"parentName":"","objectType":1,"thisOC":null,"name":"Question1","pos":{"x":-210.000015,"y":136.471222,"z":0.0},"size":{"x":430.0,"y":80.0}},{"uid":3,"rotation":0.0,"visible":true,"locked":false,"color":"FFFFFF","textcolor":"000000","image":"button_blank_1","value":0.0,"text":"<i>The goals of the game were clear to me.</i>","fontSize":20,"parentName":"","objectType":1,"thisOC":null,"name":"Question2","pos":{"x":-210.0,"y":48.0,"z":0.0},"size":{"x":430.0,"y":80.0}},{"uid":4,"rotation":0.0,"visible":true,"locked":true,"color":"FFFFFF","textcolor":"000000","image":"jeopardy_button_white_1","value":0.0,"text":"1","fontSize":20,"parentName":"","objectType":1,"thisOC":null,"name":"L1-1","pos":{"x":40.0,"y":136.0,"z":0.0},"size":{"x":50.0,"y":40.0}},{"uid":5,"rotation":0.0,"visible":true,"locked":true,"color":"FFFFFF","textcolor":"000000","image":"jeopardy_button_white_1","value":0.0,"text":"2","fontSize":20,"parentName":"","objectType":1,"thisOC":null,"name":"L1-2","pos":{"x":100.0,"y":135.905914,"z":0.0},"size":{"x":50.0,"y":40.0}},{"uid":6,"rotation":0.0,"visible":true,"locked":true,"color":"FFFFFF","textcolor":"000000","image":"jeopardy_button_white_1","value":0.0,"text":"3","fontSize":20,"parentName":"","objectType":1,"thisOC":null,"name":"L1-3","pos":{"x":160.0,"y":136.0,"z":0.0},"size":{"x":50.0,"y":40.0}},{"uid":7,"rotation":0.0,"visible":true,"locked":true,"color":"FFFFFF","textcolor":"000000","image":"jeopardy_button_white_1","value":0.0,"text":"4","fontSize":20,"parentName":"","objectType":1,"thisOC":null,"name":"L1-4","pos":{"x":220.0,"y":136.0,"z":0.0},"size":{"x":50.0,"y":40.0}},{"uid":8,"rotation":0.0,"visible":true,"locked":true,"color":"FFFFFF","textcolor":"000000","image":"jeopardy_button_white_1","value":0.0,"text":"5","fontSize":20,"parentName":"","objectType":1,"thisOC":null,"name":"L1-5","pos":{"x":280.0,"y":136.0,"z":0.0},"size":{"x":50.0,"y":40.0}},{"uid":9,"rotation":0.0,"visible":true,"locked":true,"color":"FFFFFF","textcolor":"000000","image":"jeopardy_button_white_1","value":0.0,"text":"6","fontSize":20,"parentName":"","objectType":1,"thisOC":null,"name":"L1-6","pos":{"x":340.0,"y":136.0,"z":0.0},"size":{"x":50.0,"y":40.0}},{"uid":10,"rotation":0.0,"visible":true,"locked":true,"color":"FFFFFF","textcolor":"000000","image":"jeopardy_button_white_1","value":0.0,"text":"7","fontSize":20,"parentName":"","objectType":1,"thisOC":null,"name":"L1-7","pos":{"x":400.0,"y":136.0,"z":0.0},"size":{"x":50.0,"y":40.0}},{"uid":11,"rotation":0.0,"visible":true,"locked":true,"color":"FFFFFF","textcolor":"000000","image":"jeopardy_button_white_1","value":0.0,"text":"1","fontSize":20,"parentName":"","objectType":1,"thisOC":null,"name":"L2-1","pos":{"x":40.0,"y":48.0,"z":0.0},"size":{"x":50.0,"y":40.0}},{"uid":12,"rotation":0.0,"visible":true,"locked":true,"color":"FFFFFF","textcolor":"000000","image":"jeopardy_button_white_1","value":0.0,"text":"2","fontSize":20,"parentName":"","objectType":1,"thisOC":null,"name":"L2-2","pos":{"x":100.0,"y":48.0,"z":0.0},"size":{"x":50.0,"y":40.0}},{"uid":13,"rotation":0.0,"visible":true,"locked":true,"color":"FFFFFF","textcolor":"000000","image":"jeopardy_button_white_1","value":0.0,"text":"3","fontSize":20,"parentName":"","objectType":1,"thisOC":null,"name":"L2-3","pos":{"x":160.0,"y":48.0,"z":0.0},"size":{"x":50.0,"y":40.0}},{"uid":14,"rotation":0.0,"visible":true,"locked":true,"color":"FFFFFF","textcolor":"000000","image":"jeopardy_button_white_1","value":0.0,"text":"4","fontSize":20,"parentName":"","objectType":1,"thisOC":null,"name":"L2-4","pos":{"x":220.0,"y":48.0,"z":0.0},"size":{"x":50.0,"y":40.0}},{"uid":15,"rotation":0.0,"visible":true,"locked":true,"color":"FFFFFF","textcolor":"000000","image":"jeopardy_button_white_1","value":0.0,"text":"5","fontSize":20,"parentName":"","objectType":1,"thisOC":null,"name":"L2-5","pos":{"x":280.0,"y":48.0,"z":0.0},"size":{"x":50.0,"y":40.0}},{"uid":16,"rotation":0.0,"visible":true,"locked":true,"color":"FFFFFF","textcolor":"000000","image":"jeopardy_button_white_1","value":0.0,"text":"6","fontSize":20,"parentName":"","objectType":1,"thisOC":null,"name":"L2-6","pos":{"x":340.0,"y":48.0,"z":0.0},"size":{"x":50.0,"y":40.0}},{"uid":17,"rotation":0.0,"visible":true,"locked":true,"color":"FFFFFF","textcolor":"000000","image":"jeopardy_button_white_1","value":0.0,"text":"7","fontSize":20,"parentName":"","objectType":1,"thisOC":null,"name":"L2-7","pos":{"x":400.0,"y":48.0,"z":0.0},"size":{"x":50.0,"y":40.0}},{"uid":18,"rotation":0.0,"visible":true,"locked":true,"color":"FFFFFF00","textcolor":"000000","image":"","value":0.0,"text":"   Strongly\n   Disagree","fontSize":12,"parentName":"","objectType":2,"thisOC":null,"name":"P1","pos":{"x":40.0,"y":213.0,"z":0.0},"size":{"x":60.0,"y":40.0}},{"uid":19,"rotation":0.0,"visible":true,"locked":true,"color":"FFFFFF00","textcolor":"000000","image":"","value":0.0,"text":"   Disagree","fontSize":12,"parentName":"","objectType":2,"thisOC":null,"name":"P2","pos":{"x":99.0,"y":213.0,"z":0.0},"size":{"x":60.0,"y":40.0}},{"uid":20,"rotation":0.0,"visible":true,"locked":true,"color":"FFFFFF00","textcolor":"000000","image":"","value":0.0,"text":" Somewhat\n   Disagree","fontSize":12,"parentName":"","objectType":2,"thisOC":null,"name":"P3","pos":{"x":159.0,"y":213.0,"z":0.0},"size":{"x":60.0,"y":40.0}},{"uid":21,"rotation":0.0,"visible":true,"locked":true,"color":"FFFFFF00","textcolor":"000000","image":"","value":0.0,"text":"\tNeither\n   Agree or\n   Disagree","fontSize":12,"parentName":"","objectType":2,"thisOC":null,"name":"P4","pos":{"x":220.315567,"y":209.0,"z":0.0},"size":{"x":60.0,"y":50.0}},{"uid":22,"rotation":0.0,"visible":true,"locked":true,"color":"FFFFFF00","textcolor":"000000","image":"","value":0.0,"text":" Somewhat\n      Agree","fontSize":12,"parentName":"","objectType":2,"thisOC":null,"name":"P5","pos":{"x":282.762146,"y":213.0,"z":0.0},"size":{"x":60.0,"y":40.0}},{"uid":23,"rotation":0.0,"visible":true,"locked":true,"color":"FFFFFF00","textcolor":"000000","image":"","value":0.0,"text":"\t  Agree","fontSize":12,"parentName":"","objectType":2,"thisOC":null,"name":"P6","pos":{"x":338.516632,"y":213.0,"z":0.0},"size":{"x":60.0,"y":40.0}},{"uid":24,"rotation":0.0,"visible":true,"locked":true,"color":"FFFFFF00","textcolor":"000000","image":"","value":0.0,"text":"   Strongly\n\t Agree","fontSize":12,"parentName":"","objectType":2,"thisOC":null,"name":"P7","pos":{"x":397.87085,"y":213.0,"z":0.0},"size":{"x":60.0,"y":40.0}},{"uid":25,"rotation":0.0,"visible":true,"locked":true,"color":"A6A6A6","textcolor":"FFFFFF","image":"jeopardy_button_white_1","value":0.0,"text":"Next","fontSize":20,"parentName":"","objectType":1,"thisOC":null,"name":"next","pos":{"x":380.0,"y":-220.0,"z":0.0},"size":{"x":140.0,"y":50.0}},{"uid":26,"rotation":0.0,"visible":true,"locked":true,"color":"74D4ED","textcolor":"FFFFFF","image":"meter_basic_1","value":10.0,"text":"","fontSize":20,"parentName":"","objectType":6,"thisOC":null,"name":"BasicMeter","pos":{"x":-3.81469727E-06,"y":-224.999985,"z":0.0},"size":{"x":500.0,"y":5.0}},{"uid":27,"rotation":0.0,"visible":true,"locked":true,"color":"FFFFFF00","textcolor":"D1D1D1","image":"","value":0.0,"text":"10%","fontSize":15,"parentName":"BasicMeter","objectType":2,"thisOC":null,"name":"progress_text","pos":{"x":-221.151932,"y":10.0012054,"z":0.0},"size":{"x":50.1753235,"y":26.6217651}}],"recent_assets":[],"recent_backgrounds":[],"recent_characters":[],"layoutScale":0.5634125,"layoutPosition":{"x":5.11159325,"y":-28.7083321},"scriptorScale":1.0,"scriptorPosition":{"x":-3066.03345,"y":-54.2859154},"layoutParamSet":true,"scriptorParamSet":true},"started":false}