{"dictNodes":{"0":{"name":"Start","next":"119","tru":"True","index":"0","posX":"0","posY":"0","minimized":"False","advance_mode":"OnClick","type":"start"},"3":{"customEventName":"","eventDetails":"L1-1","startsActive":"True","takesFocus":"True","eventType":"ObjectClick","name":"Event","next":"28","tru":"True","index":"3","posX":"0.7285178","posY":"-11.24686","minimized":"False","advance_mode":"OnClick","type":"event"},"6":{"actionTarget":"L1-1","actionName":"ChangeColor","action_color":"1ca81e","name":"Action","next":"15","tru":"True","index":"6","posX":"7.005201","posY":"-11.27161","minimized":"False","advance_mode":"Instantly","type":"action"},"12":{"functionName":"reset_all_1","takesFocus":"True","name":"Make Function","next":"23","tru":"True","index":"12","posX":"0.7495789","posY":"-6.645646","minimized":"False","advance_mode":"OnClick","type":"customfunction"},"15":{"displayName":null,"owner":"{Q11}","newValue":"1","fromVariable":"False","get":"True","name":"Set Variable","next":"340","tru":"True","index":"15","posX":"10.10842","posY":"-11.25031","minimized":"False","advance_mode":"OnClick","type":"variable"},"16":{"displayName":null,"owner":"{Q11}","newValue":"2","fromVariable":"False","get":"True","name":"Set Variable","next":"340","tru":"True","index":"16","posX":"10.11771","posY":"-15.17173","minimized":"False","advance_mode":"OnClick","type":"variable"},"17":{"actionTarget":"L1-2","actionName":"ChangeColor","action_color":"1ca81e","name":"Action","next":"16","tru":"True","index":"17","posX":"7.014488","posY":"-15.17861","minimized":"False","advance_mode":"Instantly","type":"action"},"18":{"customEventName":"","eventDetails":"L1-2","startsActive":"True","takesFocus":"True","eventType":"ObjectClick","name":"Event","next":"29","tru":"True","index":"18","posX":"0.7233889","posY":"-15.21152","minimized":"False","advance_mode":"OnClick","type":"event"},"22":{"actionTarget":"L1-2","actionName":"ChangeColor","action_color":"FFFFFF","name":"Action","next":"25","tru":"True","index":"22","posX":"7.323822","posY":"-6.629628","minimized":"False","advance_mode":"Instantly","type":"action"},"23":{"actionTarget":"L1-1","actionName":"ChangeColor","action_color":"FFFFFF","name":"Action","next":"22","tru":"True","index":"23","posX":"3.972856","posY":"-6.662441","minimized":"False","advance_mode":"Instantly","type":"action"},"24":{"actionTarget":"L1-4","actionName":"ChangeColor","action_color":"FFFFFF","name":"Action","next":"26","tru":"True","index":"24","posX":"13.70603","posY":"-6.638949","minimized":"False","advance_mode":"Instantly","type":"action"},"25":{"actionTarget":"L1-3","actionName":"ChangeColor","action_color":"FFFFFF","name":"Action","next":"24","tru":"True","index":"25","posX":"10.46262","posY":"-6.64488","minimized":"False","advance_mode":"Instantly","type":"action"},"26":{"actionTarget":"L1-5","actionName":"ChangeColor","action_color":"FFFFFF","name":"Action","next":"214","tru":"True","index":"26","posX":"16.84342","posY":"-6.655354","minimized":"False","advance_mode":"Instantly","type":"action"},"28":{"functionType":"CustomFunction","functionDetail":"reset_all_1","functionDetail2":"","functionDetail3":"","functionDetail4":"","functionDetail5":"","name":"Call Function","next":"6","tru":"True","index":"28","posX":"3.887742","posY":"-11.27539","minimized":"False","advance_mode":"OnClick","type":"callfunction"},"29":{"functionType":"CustomFunction","functionDetail":"reset_all_1","functionDetail2":"","functionDetail3":"","functionDetail4":"","functionDetail5":"","name":"Call Function","next":"17","tru":"True","index":"29","posX":"3.903898","posY":"-15.17891","minimized":"False","advance_mode":"OnClick","type":"callfunction"},"30":{"displayName":null,"owner":"{Q11}","newValue":"3","fromVariable":"False","get":"True","name":"Set Variable","next":"340","tru":"True","index":"30","posX":"10.13839","posY":"-19.18684","minimized":"False","advance_mode":"OnClick","type":"variable"},"31":{"actionTarget":"L1-3","actionName":"ChangeColor","action_color":"1ca81e","name":"Action","next":"30","tru":"True","index":"31","posX":"7.035174","posY":"-19.19371","minimized":"False","advance_mode":"Instantly","type":"action"},"32":{"customEventName":"","eventDetails":"L1-3","startsActive":"True","takesFocus":"True","eventType":"ObjectClick","name":"Event","next":"33","tru":"True","index":"32","posX":"0.7440844","posY":"-19.22663","minimized":"False","advance_mode":"OnClick","type":"event"},"33":{"functionType":"CustomFunction","functionDetail":"reset_all_1","functionDetail2":"","functionDetail3":"","functionDetail4":"","functionDetail5":"","name":"Call Function","next":"31","tru":"True","index":"33","posX":"3.924588","posY":"-19.19401","minimized":"False","advance_mode":"OnClick","type":"callfunction"},"34":{"displayName":null,"owner":"{Q11}","newValue":"4","fromVariable":"False","get":"True","name":"Set Variable","next":"340","tru":"True","index":"34","posX":"10.13839","posY":"-23.13614","minimized":"False","advance_mode":"OnClick","type":"variable"},"35":{"actionTarget":"L1-4","actionName":"ChangeColor","action_color":"1ca81e","name":"Action","next":"34","tru":"True","index":"35","posX":"7.035174","posY":"-23.14303","minimized":"False","advance_mode":"Instantly","type":"action"},"36":{"customEventName":"","eventDetails":"L1-4","startsActive":"True","takesFocus":"True","eventType":"ObjectClick","name":"Event","next":"37","tru":"True","index":"36","posX":"0.7440713","posY":"-23.17594","minimized":"False","advance_mode":"OnClick","type":"event"},"37":{"functionType":"CustomFunction","functionDetail":"reset_all_1","functionDetail2":"","functionDetail3":"","functionDetail4":"","functionDetail5":"","name":"Call Function","next":"35","tru":"True","index":"37","posX":"3.924582","posY":"-23.14331","minimized":"False","advance_mode":"OnClick","type":"callfunction"},"38":{"displayName":null,"owner":"{Q11}","newValue":"5","fromVariable":"False","get":"True","name":"Set Variable","next":"340","tru":"True","index":"38","posX":"10.18163","posY":"-27.01339","minimized":"False","advance_mode":"OnClick","type":"variable"},"39":{"actionTarget":"L1-5","actionName":"ChangeColor","action_color":"1ca81e","name":"Action","next":"38","tru":"True","index":"39","posX":"7.078405","posY":"-27.02026","minimized":"False","advance_mode":"Instantly","type":"action"},"40":{"customEventName":"","eventDetails":"L1-5","startsActive":"True","takesFocus":"True","eventType":"ObjectClick","name":"Event","next":"41","tru":"True","index":"40","posX":"0.7873176","posY":"-27.05317","minimized":"False","advance_mode":"OnClick","type":"event"},"41":{"functionType":"CustomFunction","functionDetail":"reset_all_1","functionDetail2":"","functionDetail3":"","functionDetail4":"","functionDetail5":"","name":"Call Function","next":"39","tru":"True","index":"41","posX":"3.967818","posY":"-27.02056","minimized":"False","advance_mode":"OnClick","type":"callfunction"},"44":{"customEventName":"","eventDetails":"L2-1","startsActive":"True","takesFocus":"True","eventType":"ObjectClick","name":"Event","next":"56","tru":"True","index":"44","posX":"31.97464","posY":"-11.33545","minimized":"False","advance_mode":"OnClick","type":"event"},"45":{"actionTarget":"L2-1","actionName":"ChangeColor","action_color":"1ca81e","name":"Action","next":"47","tru":"True","index":"45","posX":"38.25132","posY":"-11.36018","minimized":"False","advance_mode":"Instantly","type":"action"},"46":{"functionName":"reset_all_2","takesFocus":"True","name":"Make Function","next":"52","tru":"True","index":"46","posX":"31.99569","posY":"-6.734219","minimized":"False","advance_mode":"OnClick","type":"customfunction"},"47":{"displayName":null,"owner":"{Q12}","newValue":"1","fromVariable":"False","get":"True","name":"Set Variable","next":"341","tru":"True","index":"47","posX":"41.41515","posY":"-11.33889","minimized":"False","advance_mode":"OnClick","type":"variable"},"48":{"displayName":null,"owner":"{Q12}","newValue":"2","fromVariable":"False","get":"True","name":"Set Variable","next":"341","tru":"True","index":"48","posX":"41.36382","posY":"-15.26031","minimized":"False","advance_mode":"OnClick","type":"variable"},"49":{"actionTarget":"L2-2","actionName":"ChangeColor","action_color":"1ca81e","name":"Action","next":"48","tru":"True","index":"49","posX":"38.2606","posY":"-15.26719","minimized":"False","advance_mode":"Instantly","type":"action"},"50":{"customEventName":"","eventDetails":"L2-2","startsActive":"True","takesFocus":"True","eventType":"ObjectClick","name":"Event","next":"57","tru":"True","index":"50","posX":"31.9695","posY":"-15.30011","minimized":"False","advance_mode":"OnClick","type":"event"},"51":{"actionTarget":"L2-2","actionName":"ChangeColor","action_color":"FFFFFF","name":"Action","next":"54","tru":"True","index":"51","posX":"38.56995","posY":"-6.718214","minimized":"False","advance_mode":"Instantly","type":"action"},"52":{"actionTarget":"L2-1","actionName":"ChangeColor","action_color":"FFFFFF","name":"Action","next":"51","tru":"True","index":"52","posX":"35.21897","posY":"-6.751024","minimized":"False","advance_mode":"Instantly","type":"action"},"53":{"actionTarget":"L2-4","actionName":"ChangeColor","action_color":"FFFFFF","name":"Action","next":"55","tru":"True","index":"53","posX":"44.95214","posY":"-6.727521","minimized":"False","advance_mode":"Instantly","type":"action"},"54":{"actionTarget":"L2-3","actionName":"ChangeColor","action_color":"FFFFFF","name":"Action","next":"53","tru":"True","index":"54","posX":"41.70873","posY":"-6.733465","minimized":"False","advance_mode":"Instantly","type":"action"},"55":{"actionTarget":"L2-5","actionName":"ChangeColor","action_color":"FFFFFF","name":"Action","next":"216","tru":"True","index":"55","posX":"48.07345","posY":"-6.760015","minimized":"False","advance_mode":"Instantly","type":"action"},"56":{"functionType":"CustomFunction","functionDetail":"reset_all_2","functionDetail2":"","functionDetail3":"","functionDetail4":"","functionDetail5":"","name":"Call Function","next":"45","tru":"True","index":"56","posX":"35.13386","posY":"-11.36398","minimized":"False","advance_mode":"OnClick","type":"callfunction"},"57":{"functionType":"CustomFunction","functionDetail":"reset_all_2","functionDetail2":"","functionDetail3":"","functionDetail4":"","functionDetail5":"","name":"Call Function","next":"49","tru":"True","index":"57","posX":"35.15001","posY":"-15.26748","minimized":"False","advance_mode":"OnClick","type":"callfunction"},"58":{"displayName":null,"owner":"{Q12}","newValue":"3","fromVariable":"False","get":"True","name":"Set Variable","next":"341","tru":"True","index":"58","posX":"41.38453","posY":"-19.27541","minimized":"False","advance_mode":"OnClick","type":"variable"},"59":{"actionTarget":"L2-3","actionName":"ChangeColor","action_color":"1ca81e","name":"Action","next":"58","tru":"True","index":"59","posX":"38.2813","posY":"-19.28228","minimized":"False","advance_mode":"Instantly","type":"action"},"60":{"customEventName":"","eventDetails":"L2-3","startsActive":"True","takesFocus":"True","eventType":"ObjectClick","name":"Event","next":"61","tru":"True","index":"60","posX":"31.9902","posY":"-19.31521","minimized":"False","advance_mode":"OnClick","type":"event"},"61":{"functionType":"CustomFunction","functionDetail":"reset_all_2","functionDetail2":"","functionDetail3":"","functionDetail4":"","functionDetail5":"","name":"Call Function","next":"59","tru":"True","index":"61","posX":"35.17069","posY":"-19.28259","minimized":"False","advance_mode":"OnClick","type":"callfunction"},"62":{"displayName":null,"owner":"{Q12}","newValue":"4","fromVariable":"False","get":"True","name":"Set Variable","next":"341","tru":"True","index":"62","posX":"41.38449","posY":"-23.22472","minimized":"False","advance_mode":"OnClick","type":"variable"},"63":{"actionTarget":"L2-4","actionName":"ChangeColor","action_color":"1ca81e","name":"Action","next":"62","tru":"True","index":"63","posX":"38.28128","posY":"-23.2316","minimized":"False","advance_mode":"Instantly","type":"action"},"64":{"customEventName":"","eventDetails":"L2-4","startsActive":"True","takesFocus":"True","eventType":"ObjectClick","name":"Event","next":"65","tru":"True","index":"64","posX":"31.99019","posY":"-23.26451","minimized":"False","advance_mode":"OnClick","type":"event"},"65":{"functionType":"CustomFunction","functionDetail":"reset_all_2","functionDetail2":"","functionDetail3":"","functionDetail4":"","functionDetail5":"","name":"Call Function","next":"63","tru":"True","index":"65","posX":"35.17068","posY":"-23.23189","minimized":"False","advance_mode":"OnClick","type":"callfunction"},"66":{"displayName":null,"owner":"{Q12}","newValue":"5","fromVariable":"False","get":"True","name":"Set Variable","next":"341","tru":"True","index":"66","posX":"41.42774","posY":"-27.10196","minimized":"False","advance_mode":"OnClick","type":"variable"},"67":{"actionTarget":"L2-5","actionName":"ChangeColor","action_color":"1ca81e","name":"Action","next":"66","tru":"True","index":"67","posX":"38.32453","posY":"-27.10885","minimized":"False","advance_mode":"Instantly","type":"action"},"68":{"customEventName":"","eventDetails":"L2-5","startsActive":"True","takesFocus":"True","eventType":"ObjectClick","name":"Event","next":"69","tru":"True","index":"68","posX":"32.03342","posY":"-27.14176","minimized":"False","advance_mode":"OnClick","type":"event"},"69":{"functionType":"CustomFunction","functionDetail":"reset_all_2","functionDetail2":"","functionDetail3":"","functionDetail4":"","functionDetail5":"","name":"Call Function","next":"67","tru":"True","index":"69","posX":"35.21394","posY":"-27.10913","minimized":"False","advance_mode":"OnClick","type":"callfunction"},"70":{"customEventName":"","eventDetails":"L3-1","startsActive":"True","takesFocus":"True","eventType":"ObjectClick","name":"Event","next":"82","tru":"True","index":"70","posX":"68.78355","posY":"-11.3288","minimized":"False","advance_mode":"OnClick","type":"event"},"71":{"actionTarget":"L3-1","actionName":"ChangeColor","action_color":"1ca81e","name":"Action","next":"73","tru":"True","index":"71","posX":"75.06021","posY":"-11.35355","minimized":"False","advance_mode":"Instantly","type":"action"},"72":{"functionName":"reset_all_3","takesFocus":"True","name":"Make Function","next":"78","tru":"True","index":"72","posX":"68.80459","posY":"-6.727592","minimized":"False","advance_mode":"OnClick","type":"customfunction"},"73":{"displayName":null,"owner":"{Q13}","newValue":"1","fromVariable":"False","get":"True","name":"Set Variable","next":"342","tru":"True","index":"73","posX":"78.16344","posY":"-11.33225","minimized":"False","advance_mode":"OnClick","type":"variable"},"74":{"displayName":null,"owner":"{Q13}","newValue":"2","fromVariable":"False","get":"True","name":"Set Variable","next":"342","tru":"True","index":"74","posX":"78.17271","posY":"-15.25368","minimized":"False","advance_mode":"OnClick","type":"variable"},"75":{"actionTarget":"L3-2","actionName":"ChangeColor","action_color":"1ca81e","name":"Action","next":"74","tru":"True","index":"75","posX":"75.0695","posY":"-15.26056","minimized":"False","advance_mode":"Instantly","type":"action"},"76":{"customEventName":"","eventDetails":"L3-2","startsActive":"True","takesFocus":"True","eventType":"ObjectClick","name":"Event","next":"83","tru":"True","index":"76","posX":"68.7784","posY":"-15.29346","minimized":"False","advance_mode":"OnClick","type":"event"},"77":{"actionTarget":"L3-2","actionName":"ChangeColor","action_color":"FFFFFF","name":"Action","next":"80","tru":"True","index":"77","posX":"75.37882","posY":"-6.711574","minimized":"False","advance_mode":"Instantly","type":"action"},"78":{"actionTarget":"L3-1","actionName":"ChangeColor","action_color":"FFFFFF","name":"Action","next":"77","tru":"True","index":"78","posX":"72.02785","posY":"-6.744386","minimized":"False","advance_mode":"Instantly","type":"action"},"79":{"actionTarget":"L3-4","actionName":"ChangeColor","action_color":"FFFFFF","name":"Action","next":"81","tru":"True","index":"79","posX":"81.73693","posY":"-6.684719","minimized":"False","advance_mode":"Instantly","type":"action"},"80":{"actionTarget":"L3-3","actionName":"ChangeColor","action_color":"FFFFFF","name":"Action","next":"79","tru":"True","index":"80","posX":"78.51761","posY":"-6.726827","minimized":"False","advance_mode":"Instantly","type":"action"},"81":{"actionTarget":"L3-5","actionName":"ChangeColor","action_color":"FFFFFF","name":"Action","next":"217","tru":"True","index":"81","posX":"84.87432","posY":"-6.701125","minimized":"False","advance_mode":"Instantly","type":"action"},"82":{"functionType":"CustomFunction","functionDetail":"reset_all_3","functionDetail2":"","functionDetail3":"","functionDetail4":"","functionDetail5":"","name":"Call Function","next":"71","tru":"True","index":"82","posX":"71.94274","posY":"-11.35734","minimized":"False","advance_mode":"OnClick","type":"callfunction"},"83":{"functionType":"CustomFunction","functionDetail":"reset_all_3","functionDetail2":"","functionDetail3":"","functionDetail4":"","functionDetail5":"","name":"Call Function","next":"75","tru":"True","index":"83","posX":"71.95891","posY":"-15.26085","minimized":"False","advance_mode":"OnClick","type":"callfunction"},"84":{"displayName":null,"owner":"{Q13}","newValue":"3","fromVariable":"False","get":"True","name":"Set Variable","next":"342","tru":"True","index":"84","posX":"78.19341","posY":"-19.26877","minimized":"False","advance_mode":"OnClick","type":"variable"},"85":{"actionTarget":"L3-3","actionName":"ChangeColor","action_color":"1ca81e","name":"Action","next":"84","tru":"True","index":"85","posX":"75.09019","posY":"-19.27565","minimized":"False","advance_mode":"Instantly","type":"action"},"86":{"customEventName":"","eventDetails":"L3-3","startsActive":"True","takesFocus":"True","eventType":"ObjectClick","name":"Event","next":"87","tru":"True","index":"86","posX":"68.7991","posY":"-19.30857","minimized":"False","advance_mode":"OnClick","type":"event"},"87":{"functionType":"CustomFunction","functionDetail":"reset_all_3","functionDetail2":"","functionDetail3":"","functionDetail4":"","functionDetail5":"","name":"Call Function","next":"85","tru":"True","index":"87","posX":"71.97958","posY":"-19.27595","minimized":"False","advance_mode":"OnClick","type":"callfunction"},"88":{"displayName":null,"owner":"{Q13}","newValue":"4","fromVariable":"False","get":"True","name":"Set Variable","next":"342","tru":"True","index":"88","posX":"78.19339","posY":"-23.21809","minimized":"False","advance_mode":"OnClick","type":"variable"},"89":{"actionTarget":"L3-4","actionName":"ChangeColor","action_color":"1ca81e","name":"Action","next":"88","tru":"True","index":"89","posX":"75.09019","posY":"-23.22498","minimized":"False","advance_mode":"Instantly","type":"action"},"90":{"customEventName":"","eventDetails":"L3-4","startsActive":"True","takesFocus":"True","eventType":"ObjectClick","name":"Event","next":"91","tru":"True","index":"90","posX":"68.79908","posY":"-23.25788","minimized":"False","advance_mode":"OnClick","type":"event"},"91":{"functionType":"CustomFunction","functionDetail":"reset_all_3","functionDetail2":"","functionDetail3":"","functionDetail4":"","functionDetail5":"","name":"Call Function","next":"89","tru":"True","index":"91","posX":"71.97958","posY":"-23.22525","minimized":"False","advance_mode":"OnClick","type":"callfunction"},"92":{"displayName":null,"owner":"{Q13}","newValue":"5","fromVariable":"False","get":"True","name":"Set Variable","next":"342","tru":"True","index":"92","posX":"78.23664","posY":"-27.09533","minimized":"False","advance_mode":"OnClick","type":"variable"},"93":{"actionTarget":"L3-5","actionName":"ChangeColor","action_color":"1ca81e","name":"Action","next":"92","tru":"True","index":"93","posX":"75.1334","posY":"-27.10221","minimized":"False","advance_mode":"Instantly","type":"action"},"94":{"customEventName":"","eventDetails":"L3-5","startsActive":"True","takesFocus":"True","eventType":"ObjectClick","name":"Event","next":"95","tru":"True","index":"94","posX":"68.84232","posY":"-27.13512","minimized":"False","advance_mode":"OnClick","type":"event"},"95":{"functionType":"CustomFunction","functionDetail":"reset_all_3","functionDetail2":"","functionDetail3":"","functionDetail4":"","functionDetail5":"","name":"Call Function","next":"93","tru":"True","index":"95","posX":"72.02282","posY":"-27.1025","minimized":"False","advance_mode":"OnClick","type":"callfunction"},"98":{"customEventName":"next","eventDetails":"next","startsActive":"False","takesFocus":"True","eventType":"ObjectClick","name":"Event","next":"197","tru":"True","index":"98","posX":"25.81238","posY":"-1.558794","minimized":"False","advance_mode":"OnClick","type":"event"},"99":{"choices":"102~~{Q1} = 0~-~102~~{Q2} = 0~-~102~~{Q3} = 0~-~102~~{Q4} = 0~-~197~~true~-~","isRandom":"False","name":"Branch","next":"-1","tru":"True","index":"99","posX":"20.63163","posY":"6.600524","minimized":"False","advance_mode":"OnClick","type":"if"},"102":{"choiceType":"simple","content":"You have unanswered questions. Are you sure you want to continue?","owner":"","speaking":"False","prompted":"True","timed":"False","timer":"-1","choices":"197~~Yes~~False~~none~~true~-~-1~~No~~False~~none~~true~-~","variable":null,"name":"Player Choice","next":"-1","tru":"True","index":"102","posX":"24.29389","posY":"8.165443","minimized":"False","advance_mode":"OnClick","type":"choice"},"103":{"nextScript":"Page 7","transitionText":"None","variablePairs":"","name":"end","next":"-1","tru":"True","index":"103","posX":"34.89993","posY":"1.466527","minimized":"False","advance_mode":"OnClick","type":"end"},"119":{"functionType":"CustomFunction","functionDetail":"setup","functionDetail2":"","functionDetail3":"","functionDetail4":"","functionDetail5":"","name":"Call Function","next":"176","tru":"True","index":"119","posX":"3.56326","posY":"0.02237684","minimized":"False","advance_mode":"OnClick","type":"callfunction"},"172":{"displayName":null,"owner":"{progress}","newValue":"{sceneNo}/{noOfScenes} * 100","fromVariable":"False","get":"True","name":"Set Variable","next":"175","tru":"True","index":"172","posX":"3.130505","posY":"6.666082","minimized":"False","advance_mode":"OnClick","type":"variable"},"173":{"actionTarget":"progress_text","actionName":"TypeText","action_text":"{progress}%","action_type-speed":"10","name":"Action","next":"-1","tru":"True","index":"173","posX":"9.298861","posY":"6.666084","minimized":"False","advance_mode":"Instantly","type":"action"},"175":{"actionTarget":"BasicMeter","actionName":"ChangeValue","action_value":"{progress}","action_time":"0","action_easing":"linear","name":"Action","next":"173","tru":"True","index":"175","posX":"6.196137","posY":"6.653721","minimized":"False","advance_mode":"Instantly","type":"action"},"176":{"functionType":"CustomFunction","functionDetail":"progress","functionDetail2":"","functionDetail3":"","functionDetail4":"","functionDetail5":"","name":"Call Function","next":"-1","tru":"True","index":"176","posX":"6.604066","posY":"0.01562873","minimized":"False","advance_mode":"OnClick","type":"callfunction"},"177":{"functionName":"progress","takesFocus":"False","name":"Make Function","next":"172","tru":"True","index":"177","posX":"-0.3456855","posY":"6.718462","minimized":"False","advance_mode":"OnClick","type":"customfunction"},"197":{"displayName":null,"owner":"{sceneNo}","newValue":"{sceneNo} + 1","fromVariable":"False","get":"True","name":"Set Variable","next":"103","tru":"True","index":"197","posX":"31.37539","posY":"1.720662","minimized":"False","advance_mode":"OnClick","type":"variable"},"213":{"actionTarget":"L1-7","actionName":"ChangeColor","action_color":"FFFFFF","name":"Action","next":"-1","tru":"True","index":"213","posX":"23.03683","posY":"-6.701453","minimized":"False","advance_mode":"Instantly","type":"action"},"214":{"actionTarget":"L1-6","actionName":"ChangeColor","action_color":"FFFFFF","name":"Action","next":"213","tru":"True","index":"214","posX":"19.89945","posY":"-6.685042","minimized":"False","advance_mode":"Instantly","type":"action"},"215":{"actionTarget":"L2-7","actionName":"ChangeColor","action_color":"FFFFFF","name":"Action","next":"-1","tru":"True","index":"215","posX":"54.24857","posY":"-6.840119","minimized":"False","advance_mode":"Instantly","type":"action"},"216":{"actionTarget":"L2-6","actionName":"ChangeColor","action_color":"FFFFFF","name":"Action","next":"215","tru":"True","index":"216","posX":"51.12725","posY":"-6.807632","minimized":"False","advance_mode":"Instantly","type":"action"},"217":{"actionTarget":"L3-6","actionName":"ChangeColor","action_color":"FFFFFF","name":"Action","next":"218","tru":"True","index":"217","posX":"87.98412","posY":"-6.701272","minimized":"False","advance_mode":"Instantly","type":"action"},"218":{"actionTarget":"L3-7","actionName":"ChangeColor","action_color":"FFFFFF","name":"Action","next":"-1","tru":"True","index":"218","posX":"91.12151","posY":"-6.717673","minimized":"False","advance_mode":"Instantly","type":"action"},"219":{"displayName":null,"owner":"{Q11}","newValue":"6","fromVariable":"False","get":"True","name":"Set Variable","next":"340","tru":"True","index":"219","posX":"10.18357","posY":"-31.04174","minimized":"False","advance_mode":"OnClick","type":"variable"},"220":{"actionTarget":"L1-6","actionName":"ChangeColor","action_color":"1ca81e","name":"Action","next":"219","tru":"True","index":"220","posX":"7.080346","posY":"-31.04861","minimized":"False","advance_mode":"Instantly","type":"action"},"221":{"customEventName":"","eventDetails":"L1-6","startsActive":"True","takesFocus":"True","eventType":"ObjectClick","name":"Event","next":"222","tru":"True","index":"221","posX":"0.7892568","posY":"-31.08152","minimized":"False","advance_mode":"OnClick","type":"event"},"222":{"functionType":"CustomFunction","functionDetail":"reset_all_1","functionDetail2":"","functionDetail3":"","functionDetail4":"","functionDetail5":"","name":"Call Function","next":"220","tru":"True","index":"222","posX":"3.969763","posY":"-31.0489","minimized":"False","advance_mode":"OnClick","type":"callfunction"},"223":{"displayName":null,"owner":"{Q11}","newValue":"7","fromVariable":"False","get":"True","name":"Set Variable","next":"340","tru":"True","index":"223","posX":"10.22681","posY":"-34.91898","minimized":"False","advance_mode":"OnClick","type":"variable"},"224":{"actionTarget":"L1-7","actionName":"ChangeColor","action_color":"1ca81e","name":"Action","next":"223","tru":"True","index":"224","posX":"7.123592","posY":"-34.92585","minimized":"False","advance_mode":"Instantly","type":"action"},"225":{"customEventName":"","eventDetails":"L1-7","startsActive":"True","takesFocus":"True","eventType":"ObjectClick","name":"Event","next":"226","tru":"True","index":"225","posX":"0.8324928","posY":"-34.95876","minimized":"False","advance_mode":"OnClick","type":"event"},"226":{"functionType":"CustomFunction","functionDetail":"reset_all_1","functionDetail2":"","functionDetail3":"","functionDetail4":"","functionDetail5":"","name":"Call Function","next":"224","tru":"True","index":"226","posX":"4.013004","posY":"-34.92614","minimized":"False","advance_mode":"OnClick","type":"callfunction"},"227":{"displayName":null,"owner":"{Q12}","newValue":"6","fromVariable":"False","get":"True","name":"Set Variable","next":"341","tru":"True","index":"227","posX":"41.58024","posY":"-31.07708","minimized":"False","advance_mode":"OnClick","type":"variable"},"228":{"actionTarget":"L2-6","actionName":"ChangeColor","action_color":"1ca81e","name":"Action","next":"227","tru":"True","index":"228","posX":"38.49164","posY":"-31.14237","minimized":"False","advance_mode":"Instantly","type":"action"},"229":{"customEventName":"","eventDetails":"L2-6","startsActive":"True","takesFocus":"True","eventType":"ObjectClick","name":"Event","next":"230","tru":"True","index":"229","posX":"32.18595","posY":"-31.11687","minimized":"False","advance_mode":"OnClick","type":"event"},"230":{"functionType":"CustomFunction","functionDetail":"reset_all_2","functionDetail2":"","functionDetail3":"","functionDetail4":"","functionDetail5":"","name":"Call Function","next":"228","tru":"True","index":"230","posX":"35.36645","posY":"-31.08425","minimized":"False","advance_mode":"OnClick","type":"callfunction"},"231":{"displayName":null,"owner":"{Q12}","newValue":"7","fromVariable":"False","get":"True","name":"Set Variable","next":"341","tru":"True","index":"231","posX":"41.6235","posY":"-34.95432","minimized":"False","advance_mode":"OnClick","type":"variable"},"232":{"actionTarget":"L2-7","actionName":"ChangeColor","action_color":"1ca81e","name":"Action","next":"231","tru":"True","index":"232","posX":"38.52029","posY":"-34.96122","minimized":"False","advance_mode":"Instantly","type":"action"},"233":{"customEventName":"","eventDetails":"L2-7","startsActive":"True","takesFocus":"True","eventType":"ObjectClick","name":"Event","next":"234","tru":"True","index":"233","posX":"32.22917","posY":"-34.99413","minimized":"False","advance_mode":"OnClick","type":"event"},"234":{"functionType":"CustomFunction","functionDetail":"reset_all_2","functionDetail2":"","functionDetail3":"","functionDetail4":"","functionDetail5":"","name":"Call Function","next":"232","tru":"True","index":"234","posX":"35.40971","posY":"-34.96149","minimized":"False","advance_mode":"OnClick","type":"callfunction"},"235":{"displayName":null,"owner":"{Q13}","newValue":"6","fromVariable":"False","get":"True","name":"Set Variable","next":"342","tru":"True","index":"235","posX":"78.30674","posY":"-31.03275","minimized":"False","advance_mode":"OnClick","type":"variable"},"236":{"actionTarget":"L3-6","actionName":"ChangeColor","action_color":"1ca81e","name":"Action","next":"235","tru":"True","index":"236","posX":"75.20354","posY":"-31.03963","minimized":"False","advance_mode":"Instantly","type":"action"},"237":{"customEventName":"","eventDetails":"L3-6","startsActive":"True","takesFocus":"True","eventType":"ObjectClick","name":"Event","next":"238","tru":"True","index":"237","posX":"68.91246","posY":"-31.07253","minimized":"False","advance_mode":"OnClick","type":"event"},"238":{"functionType":"CustomFunction","functionDetail":"reset_all_3","functionDetail2":"","functionDetail3":"","functionDetail4":"","functionDetail5":"","name":"Call Function","next":"236","tru":"True","index":"238","posX":"72.09296","posY":"-31.03991","minimized":"False","advance_mode":"OnClick","type":"callfunction"},"239":{"displayName":null,"owner":"{Q13}","newValue":"7","fromVariable":"False","get":"True","name":"Set Variable","next":"342","tru":"True","index":"239","posX":"78.35001","posY":"-34.90998","minimized":"False","advance_mode":"OnClick","type":"variable"},"240":{"actionTarget":"L3-7","actionName":"ChangeColor","action_color":"1ca81e","name":"Action","next":"239","tru":"True","index":"240","posX":"75.24678","posY":"-34.91688","minimized":"False","advance_mode":"Instantly","type":"action"},"241":{"customEventName":"","eventDetails":"L3-7","startsActive":"True","takesFocus":"True","eventType":"ObjectClick","name":"Event","next":"242","tru":"True","index":"241","posX":"68.95568","posY":"-34.94978","minimized":"False","advance_mode":"OnClick","type":"event"},"242":{"functionType":"CustomFunction","functionDetail":"reset_all_3","functionDetail2":"","functionDetail3":"","functionDetail4":"","functionDetail5":"","name":"Call Function","next":"240","tru":"True","index":"242","posX":"72.13618","posY":"-34.91714","minimized":"False","advance_mode":"OnClick","type":"callfunction"},"250":{"customEventName":"","eventDetails":"L41","startsActive":"True","takesFocus":"True","eventType":"ObjectClick","name":"Event","next":"262","tru":"True","index":"250","posX":"105.1535","posY":"-11.76271","minimized":"False","advance_mode":"OnClick","type":"event"},"251":{"actionTarget":"L41","actionName":"ChangeColor","action_color":"1ca81e","name":"Action","next":"253","tru":"True","index":"251","posX":"111.4302","posY":"-11.78746","minimized":"False","advance_mode":"Instantly","type":"action"},"252":{"functionName":"reset_all_4","takesFocus":"True","name":"Make Function","next":"258","tru":"True","index":"252","posX":"105.1746","posY":"-7.1615","minimized":"False","advance_mode":"OnClick","type":"customfunction"},"253":{"displayName":null,"owner":"{Q14}","newValue":"1","fromVariable":"False","get":"True","name":"Set Variable","next":"343","tru":"True","index":"253","posX":"114.5334","posY":"-11.76615","minimized":"False","advance_mode":"OnClick","type":"variable"},"254":{"displayName":null,"owner":"{Q14}","newValue":"2","fromVariable":"False","get":"True","name":"Set Variable","next":"343","tru":"True","index":"254","posX":"114.5427","posY":"-15.68759","minimized":"False","advance_mode":"OnClick","type":"variable"},"255":{"actionTarget":"L42","actionName":"ChangeColor","action_color":"1ca81e","name":"Action","next":"254","tru":"True","index":"255","posX":"111.4395","posY":"-15.69447","minimized":"False","advance_mode":"Instantly","type":"action"},"256":{"customEventName":"","eventDetails":"L42","startsActive":"True","takesFocus":"True","eventType":"ObjectClick","name":"Event","next":"263","tru":"True","index":"256","posX":"105.1484","posY":"-15.72737","minimized":"False","advance_mode":"OnClick","type":"event"},"257":{"actionTarget":"L42","actionName":"ChangeColor","action_color":"FFFFFF","name":"Action","next":"260","tru":"True","index":"257","posX":"111.7488","posY":"-7.145479","minimized":"False","advance_mode":"Instantly","type":"action"},"258":{"actionTarget":"L41","actionName":"ChangeColor","action_color":"FFFFFF","name":"Action","next":"257","tru":"True","index":"258","posX":"108.3978","posY":"-7.178292","minimized":"False","advance_mode":"Instantly","type":"action"},"259":{"actionTarget":"L44","actionName":"ChangeColor","action_color":"FFFFFF","name":"Action","next":"261","tru":"True","index":"259","posX":"118.1069","posY":"-7.118624","minimized":"False","advance_mode":"Instantly","type":"action"},"260":{"actionTarget":"L43","actionName":"ChangeColor","action_color":"FFFFFF","name":"Action","next":"259","tru":"True","index":"260","posX":"114.8876","posY":"-7.160733","minimized":"False","advance_mode":"Instantly","type":"action"},"261":{"actionTarget":"L45","actionName":"ChangeColor","action_color":"FFFFFF","name":"Action","next":"276","tru":"True","index":"261","posX":"121.2443","posY":"-7.135032","minimized":"False","advance_mode":"Instantly","type":"action"},"262":{"functionType":"CustomFunction","functionDetail":"reset_all_4","functionDetail2":"","functionDetail3":"","functionDetail4":"","functionDetail5":"","name":"Call Function","next":"251","tru":"True","index":"262","posX":"108.3127","posY":"-11.79125","minimized":"False","advance_mode":"OnClick","type":"callfunction"},"263":{"functionType":"CustomFunction","functionDetail":"reset_all_4","functionDetail2":"","functionDetail3":"","functionDetail4":"","functionDetail5":"","name":"Call Function","next":"255","tru":"True","index":"263","posX":"108.3289","posY":"-15.69476","minimized":"False","advance_mode":"OnClick","type":"callfunction"},"264":{"displayName":null,"owner":"{Q14}","newValue":"3","fromVariable":"False","get":"True","name":"Set Variable","next":"343","tru":"True","index":"264","posX":"114.6122","posY":"-19.65388","minimized":"False","advance_mode":"OnClick","type":"variable"},"265":{"actionTarget":"L43","actionName":"ChangeColor","action_color":"1ca81e","name":"Action","next":"264","tru":"True","index":"265","posX":"111.4602","posY":"-19.70956","minimized":"False","advance_mode":"Instantly","type":"action"},"266":{"customEventName":"","eventDetails":"L43","startsActive":"True","takesFocus":"True","eventType":"ObjectClick","name":"Event","next":"267","tru":"True","index":"266","posX":"105.1691","posY":"-19.74248","minimized":"False","advance_mode":"OnClick","type":"event"},"267":{"functionType":"CustomFunction","functionDetail":"reset_all_4","functionDetail2":"","functionDetail3":"","functionDetail4":"","functionDetail5":"","name":"Call Function","next":"265","tru":"True","index":"267","posX":"108.3496","posY":"-19.70986","minimized":"False","advance_mode":"OnClick","type":"callfunction"},"268":{"displayName":null,"owner":"{Q14}","newValue":"4","fromVariable":"False","get":"True","name":"Set Variable","next":"343","tru":"True","index":"268","posX":"114.5634","posY":"-23.652","minimized":"False","advance_mode":"OnClick","type":"variable"},"269":{"actionTarget":"L44","actionName":"ChangeColor","action_color":"1ca81e","name":"Action","next":"268","tru":"True","index":"269","posX":"111.4602","posY":"-23.65888","minimized":"False","advance_mode":"Instantly","type":"action"},"270":{"customEventName":"","eventDetails":"L44","startsActive":"True","takesFocus":"True","eventType":"ObjectClick","name":"Event","next":"271","tru":"True","index":"270","posX":"105.1691","posY":"-23.69178","minimized":"False","advance_mode":"OnClick","type":"event"},"271":{"functionType":"CustomFunction","functionDetail":"reset_all_4","functionDetail2":"","functionDetail3":"","functionDetail4":"","functionDetail5":"","name":"Call Function","next":"269","tru":"True","index":"271","posX":"108.3496","posY":"-23.65916","minimized":"False","advance_mode":"OnClick","type":"callfunction"},"272":{"displayName":null,"owner":"{Q14}","newValue":"5","fromVariable":"False","get":"True","name":"Set Variable","next":"343","tru":"True","index":"272","posX":"114.6066","posY":"-27.52924","minimized":"False","advance_mode":"OnClick","type":"variable"},"273":{"actionTarget":"L45","actionName":"ChangeColor","action_color":"1ca81e","name":"Action","next":"272","tru":"True","index":"273","posX":"111.5034","posY":"-27.53611","minimized":"False","advance_mode":"Instantly","type":"action"},"274":{"customEventName":"","eventDetails":"L45","startsActive":"True","takesFocus":"True","eventType":"ObjectClick","name":"Event","next":"275","tru":"True","index":"274","posX":"105.2123","posY":"-27.56903","minimized":"False","advance_mode":"OnClick","type":"event"},"275":{"functionType":"CustomFunction","functionDetail":"reset_all_4","functionDetail2":"","functionDetail3":"","functionDetail4":"","functionDetail5":"","name":"Call Function","next":"273","tru":"True","index":"275","posX":"108.3928","posY":"-27.53641","minimized":"False","advance_mode":"OnClick","type":"callfunction"},"276":{"actionTarget":"L46","actionName":"ChangeColor","action_color":"FFFFFF","name":"Action","next":"277","tru":"True","index":"276","posX":"124.3541","posY":"-7.135179","minimized":"False","advance_mode":"Instantly","type":"action"},"277":{"actionTarget":"L47","actionName":"ChangeColor","action_color":"FFFFFF","name":"Action","next":"-1","tru":"True","index":"277","posX":"127.4915","posY":"-7.15158","minimized":"False","advance_mode":"Instantly","type":"action"},"278":{"displayName":null,"owner":"{Q14}","newValue":"6","fromVariable":"False","get":"True","name":"Set Variable","next":"343","tru":"True","index":"278","posX":"114.6767","posY":"-31.46666","minimized":"False","advance_mode":"OnClick","type":"variable"},"279":{"actionTarget":"L46","actionName":"ChangeColor","action_color":"1ca81e","name":"Action","next":"278","tru":"True","index":"279","posX":"111.5735","posY":"-31.47354","minimized":"False","advance_mode":"Instantly","type":"action"},"280":{"customEventName":"","eventDetails":"L46","startsActive":"True","takesFocus":"True","eventType":"ObjectClick","name":"Event","next":"281","tru":"True","index":"280","posX":"105.2824","posY":"-31.50644","minimized":"False","advance_mode":"OnClick","type":"event"},"281":{"functionType":"CustomFunction","functionDetail":"reset_all_4","functionDetail2":"","functionDetail3":"","functionDetail4":"","functionDetail5":"","name":"Call Function","next":"279","tru":"True","index":"281","posX":"108.4629","posY":"-31.47382","minimized":"False","advance_mode":"OnClick","type":"callfunction"},"282":{"displayName":null,"owner":"{Q14}","newValue":"7","fromVariable":"False","get":"True","name":"Set Variable","next":"343","tru":"True","index":"282","posX":"114.72","posY":"-35.34389","minimized":"False","advance_mode":"OnClick","type":"variable"},"283":{"actionTarget":"L47","actionName":"ChangeColor","action_color":"1ca81e","name":"Action","next":"282","tru":"True","index":"283","posX":"111.6167","posY":"-35.35078","minimized":"False","advance_mode":"Instantly","type":"action"},"284":{"customEventName":"","eventDetails":"L47","startsActive":"True","takesFocus":"True","eventType":"ObjectClick","name":"Event","next":"285","tru":"True","index":"284","posX":"105.3256","posY":"-35.38369","minimized":"False","advance_mode":"OnClick","type":"event"},"285":{"functionType":"CustomFunction","functionDetail":"reset_all_4","functionDetail2":"","functionDetail3":"","functionDetail4":"","functionDetail5":"","name":"Call Function","next":"283","tru":"True","index":"285","posX":"108.5061","posY":"-35.35105","minimized":"False","advance_mode":"OnClick","type":"callfunction"},"335":{"functionName":"activate_next","takesFocus":"True","name":"Make Function","next":"338","tru":"True","index":"335","posX":"36.28148","posY":"9.230785","minimized":"False","advance_mode":"OnClick","type":"customfunction"},"336":{"actionTarget":"next","actionName":"ChangeColor","action_color":"84D151","name":"Action","next":"337","tru":"True","index":"336","posX":"43.76472","posY":"11.3544","minimized":"False","advance_mode":"Instantly","type":"action"},"337":{"actionTarget":"next","actionName":"ChangeTextColor","action_text-color":"000000","name":"Action","next":"339","tru":"True","index":"337","posX":"46.765","posY":"11.34407","minimized":"False","advance_mode":"Instantly","type":"action"},"338":{"choices":"-1~~{Q11} = 0~-~-1~~{Q12} = 0~-~-1~~{Q13} = 0~-~-1~~{Q14} = 0~-~336~~true~-~","isRandom":"False","name":"Branch","next":"-1","tru":"True","index":"338","posX":"39.98039","posY":"10.00302","minimized":"False","advance_mode":"OnClick","type":"if"},"339":{"functionType":"ActivateEvent","functionDetail":"next","functionDetail2":"","functionDetail3":"","functionDetail4":"","functionDetail5":"","name":"Call Function","next":"-1","tru":"True","index":"339","posX":"50.03254","posY":"12.15008","minimized":"False","advance_mode":"OnClick","type":"callfunction"},"340":{"functionType":"CustomFunction","functionDetail":"activate_next","functionDetail2":"","functionDetail3":"","functionDetail4":"","functionDetail5":"","name":"Call Function","next":"-1","tru":"True","index":"340","posX":"15.04587","posY":"-22.6801","minimized":"False","advance_mode":"OnClick","type":"callfunction"},"341":{"functionType":"CustomFunction","functionDetail":"activate_next","functionDetail2":"","functionDetail3":"","functionDetail4":"","functionDetail5":"","name":"Call Function","next":"-1","tru":"True","index":"341","posX":"47.26017","posY":"-21.9719","minimized":"False","advance_mode":"OnClick","type":"callfunction"},"342":{"functionType":"CustomFunction","functionDetail":"activate_next","functionDetail2":"","functionDetail3":"","functionDetail4":"","functionDetail5":"","name":"Call Function","next":"-1","tru":"True","index":"342","posX":"84.34289","posY":"-23.20583","minimized":"False","advance_mode":"OnClick","type":"callfunction"},"343":{"functionType":"CustomFunction","functionDetail":"activate_next","functionDetail2":"","functionDetail3":"","functionDetail4":"","functionDetail5":"","name":"Call Function","next":"-1","tru":"True","index":"343","posX":"119.0227","posY":"-21.84202","minimized":"False","advance_mode":"OnClick","type":"callfunction"}},"scene":{"name":"Scene 1","title":"Page 6","pos":{"x":0.0,"y":0.0,"z":0.0},"uid":"11286","background":"wall_inside_35","furniture":[{"uid":0,"rotation":0.0,"visible":true,"locked":true,"color":"FFFFFF","textcolor":"000000","image":"wall_inside_35","value":0.0,"text":"","fontSize":0,"parentName":"","objectType":0,"thisOC":null,"name":"Background","pos":{"x":0.0,"y":0.0,"z":0.0},"size":{"x":960.0,"y":540.0}},{"uid":1,"rotation":0.0,"visible":true,"locked":true,"color":"FFFFFF00","textcolor":"000000","image":"","value":0.0,"text":"6. How would you rate following statements?\n","fontSize":20,"parentName":"","objectType":2,"thisOC":null,"name":"Question","pos":{"x":-207.7165,"y":194.786636,"z":0.0},"size":{"x":430.0,"y":35.6808777}},{"uid":2,"rotation":0.0,"visible":true,"locked":true,"color":"FFFFFF","textcolor":"000000","image":"button_blank_1","value":0.0,"text":"<i>\rI have a knowledge of supply chain \nconcepts in general.\r\r</i>","fontSize":20,"parentName":"","objectType":1,"thisOC":null,"name":"Question1","pos":{"x":-210.0,"y":136.0,"z":0.0},"size":{"x":430.0,"y":80.0}},{"uid":3,"rotation":0.0,"visible":true,"locked":true,"color":"FFFFFF","textcolor":"000000","image":"button_blank_1","value":0.0,"text":"<i>I have a knowledge of healthcare or \npharmaceutical care.</i>","fontSize":20,"parentName":"","objectType":1,"thisOC":null,"name":"Question2","pos":{"x":-210.0,"y":48.0,"z":0.0},"size":{"x":430.0,"y":80.0}},{"uid":4,"rotation":0.0,"visible":true,"locked":true,"color":"FFFFFF","textcolor":"000000","image":"button_blank_1","value":0.0,"text":"<i>I have experience studying or working \nin supply chains.</i>","fontSize":20,"parentName":"","objectType":1,"thisOC":null,"name":"Question3","pos":{"x":-210.0,"y":-40.0,"z":0.0},"size":{"x":430.0,"y":80.0}},{"uid":5,"rotation":0.0,"visible":true,"locked":true,"color":"FFFFFF","textcolor":"000000","image":"button_blank_1","value":0.0,"text":"<i>I have experience studying or working in \nhealthcare or pharmaceutical care.</i>","fontSize":20,"parentName":"","objectType":1,"thisOC":null,"name":"Question4","pos":{"x":-210.0,"y":-128.0,"z":0.0},"size":{"x":430.0,"y":80.0}},{"uid":6,"rotation":0.0,"visible":true,"locked":true,"color":"FFFFFF","textcolor":"000000","image":"jeopardy_button_white_1","value":0.0,"text":"1","fontSize":20,"parentName":"","objectType":1,"thisOC":null,"name":"L1-1","pos":{"x":40.0,"y":136.0,"z":0.0},"size":{"x":50.0,"y":40.0}},{"uid":7,"rotation":0.0,"visible":true,"locked":true,"color":"FFFFFF","textcolor":"000000","image":"jeopardy_button_white_1","value":0.0,"text":"2","fontSize":20,"parentName":"","objectType":1,"thisOC":null,"name":"L1-2","pos":{"x":100.0,"y":135.905914,"z":0.0},"size":{"x":50.0,"y":40.0}},{"uid":8,"rotation":0.0,"visible":true,"locked":true,"color":"FFFFFF","textcolor":"000000","image":"jeopardy_button_white_1","value":0.0,"text":"3","fontSize":20,"parentName":"","objectType":1,"thisOC":null,"name":"L1-3","pos":{"x":160.0,"y":136.0,"z":0.0},"size":{"x":50.0,"y":40.0}},{"uid":9,"rotation":0.0,"visible":true,"locked":true,"color":"FFFFFF","textcolor":"000000","image":"jeopardy_button_white_1","value":0.0,"text":"4","fontSize":20,"parentName":"","objectType":1,"thisOC":null,"name":"L1-4","pos":{"x":220.0,"y":136.0,"z":0.0},"size":{"x":50.0,"y":40.0}},{"uid":10,"rotation":0.0,"visible":true,"locked":true,"color":"FFFFFF","textcolor":"000000","image":"jeopardy_button_white_1","value":0.0,"text":"5","fontSize":20,"parentName":"","objectType":1,"thisOC":null,"name":"L1-5","pos":{"x":280.0,"y":136.0,"z":0.0},"size":{"x":50.0,"y":40.0}},{"uid":11,"rotation":0.0,"visible":true,"locked":true,"color":"FFFFFF","textcolor":"000000","image":"jeopardy_button_white_1","value":0.0,"text":"6","fontSize":20,"parentName":"","objectType":1,"thisOC":null,"name":"L1-6","pos":{"x":340.0,"y":136.0,"z":0.0},"size":{"x":50.0,"y":40.0}},{"uid":12,"rotation":0.0,"visible":true,"locked":true,"color":"FFFFFF","textcolor":"000000","image":"jeopardy_button_white_1","value":0.0,"text":"7","fontSize":20,"parentName":"","objectType":1,"thisOC":null,"name":"L1-7","pos":{"x":400.0,"y":136.0,"z":0.0},"size":{"x":50.0,"y":40.0}},{"uid":13,"rotation":0.0,"visible":true,"locked":true,"color":"FFFFFF","textcolor":"000000","image":"jeopardy_button_white_1","value":0.0,"text":"1","fontSize":20,"parentName":"","objectType":1,"thisOC":null,"name":"L2-1","pos":{"x":40.0,"y":48.0,"z":0.0},"size":{"x":50.0,"y":40.0}},{"uid":14,"rotation":0.0,"visible":true,"locked":true,"color":"FFFFFF","textcolor":"000000","image":"jeopardy_button_white_1","value":0.0,"text":"2","fontSize":20,"parentName":"","objectType":1,"thisOC":null,"name":"L2-2","pos":{"x":100.0,"y":48.0,"z":0.0},"size":{"x":50.0,"y":40.0}},{"uid":15,"rotation":0.0,"visible":true,"locked":true,"color":"FFFFFF","textcolor":"000000","image":"jeopardy_button_white_1","value":0.0,"text":"3","fontSize":20,"parentName":"","objectType":1,"thisOC":null,"name":"L2-3","pos":{"x":160.0,"y":48.0,"z":0.0},"size":{"x":50.0,"y":40.0}},{"uid":16,"rotation":0.0,"visible":true,"locked":true,"color":"FFFFFF","textcolor":"000000","image":"jeopardy_button_white_1","value":0.0,"text":"4","fontSize":20,"parentName":"","objectType":1,"thisOC":null,"name":"L2-4","pos":{"x":220.0,"y":48.0,"z":0.0},"size":{"x":50.0,"y":40.0}},{"uid":17,"rotation":0.0,"visible":true,"locked":true,"color":"FFFFFF","textcolor":"000000","image":"jeopardy_button_white_1","value":0.0,"text":"5","fontSize":20,"parentName":"","objectType":1,"thisOC":null,"name":"L2-5","pos":{"x":280.0,"y":48.0,"z":0.0},"size":{"x":50.0,"y":40.0}},{"uid":18,"rotation":0.0,"visible":true,"locked":true,"color":"FFFFFF","textcolor":"000000","image":"jeopardy_button_white_1","value":0.0,"text":"6","fontSize":20,"parentName":"","objectType":1,"thisOC":null,"name":"L2-6","pos":{"x":340.0,"y":48.0,"z":0.0},"size":{"x":50.0,"y":40.0}},{"uid":19,"rotation":0.0,"visible":true,"locked":true,"color":"FFFFFF","textcolor":"000000","image":"jeopardy_button_white_1","value":0.0,"text":"7","fontSize":20,"parentName":"","objectType":1,"thisOC":null,"name":"L2-7","pos":{"x":400.0,"y":48.0,"z":0.0},"size":{"x":50.0,"y":40.0}},{"uid":20,"rotation":0.0,"visible":true,"locked":true,"color":"FFFFFF","textcolor":"000000","image":"jeopardy_button_white_1","value":0.0,"text":"1","fontSize":20,"parentName":"","objectType":1,"thisOC":null,"name":"L3-1","pos":{"x":40.0,"y":-40.0,"z":0.0},"size":{"x":50.0,"y":40.0}},{"uid":21,"rotation":0.0,"visible":true,"locked":true,"color":"FFFFFF","textcolor":"000000","image":"jeopardy_button_white_1","value":0.0,"text":"2","fontSize":20,"parentName":"","objectType":1,"thisOC":null,"name":"L3-2","pos":{"x":100.0,"y":-40.0,"z":0.0},"size":{"x":50.0,"y":40.0}},{"uid":22,"rotation":0.0,"visible":true,"locked":true,"color":"FFFFFF","textcolor":"000000","image":"jeopardy_button_white_1","value":0.0,"text":"3","fontSize":20,"parentName":"","objectType":1,"thisOC":null,"name":"L3-3","pos":{"x":160.0,"y":-40.0,"z":0.0},"size":{"x":50.0,"y":40.0}},{"uid":23,"rotation":0.0,"visible":true,"locked":true,"color":"FFFFFF","textcolor":"000000","image":"jeopardy_button_white_1","value":0.0,"text":"4","fontSize":20,"parentName":"","objectType":1,"thisOC":null,"name":"L3-4","pos":{"x":220.0,"y":-40.0,"z":0.0},"size":{"x":50.0,"y":40.0}},{"uid":24,"rotation":0.0,"visible":true,"locked":true,"color":"FFFFFF","textcolor":"000000","image":"jeopardy_button_white_1","value":0.0,"text":"5","fontSize":20,"parentName":"","objectType":1,"thisOC":null,"name":"L3-5","pos":{"x":280.0,"y":-40.0,"z":0.0},"size":{"x":50.0,"y":40.0}},{"uid":25,"rotation":0.0,"visible":true,"locked":true,"color":"FFFFFF","textcolor":"000000","image":"jeopardy_button_white_1","value":0.0,"text":"6","fontSize":20,"parentName":"","objectType":1,"thisOC":null,"name":"L3-6","pos":{"x":340.0,"y":-40.0,"z":0.0},"size":{"x":50.0,"y":40.0}},{"uid":26,"rotation":0.0,"visible":true,"locked":true,"color":"FFFFFF","textcolor":"000000","image":"jeopardy_button_white_1","value":0.0,"text":"7","fontSize":20,"parentName":"","objectType":1,"thisOC":null,"name":"L3-7","pos":{"x":400.0,"y":-40.0,"z":0.0},"size":{"x":50.0,"y":40.0}},{"uid":27,"rotation":0.0,"visible":true,"locked":true,"color":"FFFFFF","textcolor":"000000","image":"jeopardy_button_white_1","value":0.0,"text":"1","fontSize":20,"parentName":"","objectType":1,"thisOC":null,"name":"L41","pos":{"x":40.0,"y":-128.0,"z":0.0},"size":{"x":50.0,"y":40.0}},{"uid":28,"rotation":0.0,"visible":true,"locked":true,"color":"FFFFFF","textcolor":"000000","image":"jeopardy_button_white_1","value":0.0,"text":"2","fontSize":20,"parentName":"","objectType":1,"thisOC":null,"name":"L42","pos":{"x":100.0,"y":-128.0,"z":0.0},"size":{"x":50.0,"y":40.0}},{"uid":29,"rotation":0.0,"visible":true,"locked":true,"color":"FFFFFF","textcolor":"000000","image":"jeopardy_button_white_1","value":0.0,"text":"3","fontSize":20,"parentName":"","objectType":1,"thisOC":null,"name":"L43","pos":{"x":160.0,"y":-128.0,"z":0.0},"size":{"x":50.0,"y":40.0}},{"uid":30,"rotation":0.0,"visible":true,"locked":true,"color":"FFFFFF","textcolor":"000000","image":"jeopardy_button_white_1","value":0.0,"text":"4","fontSize":20,"parentName":"","objectType":1,"thisOC":null,"name":"L44","pos":{"x":220.0,"y":-128.0,"z":0.0},"size":{"x":50.0,"y":40.0}},{"uid":31,"rotation":0.0,"visible":true,"locked":true,"color":"FFFFFF","textcolor":"000000","image":"jeopardy_button_white_1","value":0.0,"text":"5","fontSize":20,"parentName":"","objectType":1,"thisOC":null,"name":"L45","pos":{"x":280.0,"y":-128.0,"z":0.0},"size":{"x":50.0,"y":40.0}},{"uid":32,"rotation":0.0,"visible":true,"locked":true,"color":"FFFFFF","textcolor":"000000","image":"jeopardy_button_white_1","value":0.0,"text":"6","fontSize":20,"parentName":"","objectType":1,"thisOC":null,"name":"L46","pos":{"x":340.0,"y":-128.0,"z":0.0},"size":{"x":50.0,"y":40.0}},{"uid":33,"rotation":0.0,"visible":true,"locked":true,"color":"FFFFFF","textcolor":"000000","image":"jeopardy_button_white_1","value":0.0,"text":"7","fontSize":20,"parentName":"","objectType":1,"thisOC":null,"name":"L47","pos":{"x":400.0,"y":-128.0,"z":0.0},"size":{"x":50.0,"y":40.0}},{"uid":34,"rotation":0.0,"visible":true,"locked":true,"color":"FFFFFF00","textcolor":"000000","image":"","value":0.0,"text":"   Strongly\n   Disagree","fontSize":12,"parentName":"","objectType":2,"thisOC":null,"name":"P1","pos":{"x":40.0,"y":213.0,"z":0.0},"size":{"x":60.0,"y":40.0}},{"uid":35,"rotation":0.0,"visible":true,"locked":true,"color":"FFFFFF00","textcolor":"000000","image":"","value":0.0,"text":"   Disagree","fontSize":12,"parentName":"","objectType":2,"thisOC":null,"name":"P2","pos":{"x":99.0,"y":213.0,"z":0.0},"size":{"x":60.0,"y":40.0}},{"uid":36,"rotation":0.0,"visible":true,"locked":true,"color":"FFFFFF00","textcolor":"000000","image":"","value":0.0,"text":" Somewhat\n   Disagree","fontSize":12,"parentName":"","objectType":2,"thisOC":null,"name":"P3","pos":{"x":159.0,"y":213.0,"z":0.0},"size":{"x":60.0,"y":40.0}},{"uid":37,"rotation":0.0,"visible":true,"locked":true,"color":"FFFFFF00","textcolor":"000000","image":"","value":0.0,"text":"\tNeither\n   Agree or\n   Disagree","fontSize":12,"parentName":"","objectType":2,"thisOC":null,"name":"P4","pos":{"x":220.315567,"y":209.0,"z":0.0},"size":{"x":60.0,"y":50.0}},{"uid":38,"rotation":0.0,"visible":true,"locked":true,"color":"FFFFFF00","textcolor":"000000","image":"","value":0.0,"text":" Somewhat\n      Agree","fontSize":12,"parentName":"","objectType":2,"thisOC":null,"name":"P5","pos":{"x":282.762146,"y":213.0,"z":0.0},"size":{"x":60.0,"y":40.0}},{"uid":39,"rotation":0.0,"visible":true,"locked":true,"color":"FFFFFF00","textcolor":"000000","image":"","value":0.0,"text":"\t  Agree","fontSize":12,"parentName":"","objectType":2,"thisOC":null,"name":"P6","pos":{"x":338.516632,"y":213.0,"z":0.0},"size":{"x":60.0,"y":40.0}},{"uid":40,"rotation":0.0,"visible":true,"locked":true,"color":"FFFFFF00","textcolor":"000000","image":"","value":0.0,"text":"   Strongly\n\t Agree","fontSize":12,"parentName":"","objectType":2,"thisOC":null,"name":"P7","pos":{"x":397.87085,"y":213.0,"z":0.0},"size":{"x":60.0,"y":40.0}},{"uid":41,"rotation":0.0,"visible":true,"locked":true,"color":"A6A6A6","textcolor":"FFFFFF","image":"jeopardy_button_white_1","value":0.0,"text":"Next","fontSize":20,"parentName":"","objectType":1,"thisOC":null,"name":"next","pos":{"x":380.0,"y":-220.0,"z":0.0},"size":{"x":140.0,"y":50.0}},{"uid":42,"rotation":0.0,"visible":true,"locked":true,"color":"74D4ED","textcolor":"FFFFFF","image":"meter_basic_1","value":10.0,"text":"","fontSize":20,"parentName":"","objectType":6,"thisOC":null,"name":"BasicMeter","pos":{"x":-3.81469727E-06,"y":-224.999985,"z":0.0},"size":{"x":500.0,"y":5.0}},{"uid":43,"rotation":0.0,"visible":true,"locked":true,"color":"FFFFFF00","textcolor":"D1D1D1","image":"","value":0.0,"text":"10%","fontSize":15,"parentName":"BasicMeter","objectType":2,"thisOC":null,"name":"progress_text","pos":{"x":-221.151932,"y":10.0012054,"z":0.0},"size":{"x":50.1753235,"y":26.6217651}}],"recent_assets":[],"recent_backgrounds":[],"recent_characters":[],"layoutScale":0.826446235,"layoutPosition":{"x":-39.0738029,"y":-58.25263},"scriptorScale":0.217628911,"scriptorPosition":{"x":-2082.19775,"y":446.86795},"layoutParamSet":true,"scriptorParamSet":true},"started":false}