{"dictNodes":{"0":{"name":"Start","next":"176","tru":"True","index":"0","posX":"-0.539257","posY":"-0.04308067","minimized":"False","advance_mode":"OnClick","type":"start"},"98":{"customEventName":"next","eventDetails":"next","startsActive":"False","takesFocus":"True","eventType":"ObjectClick","name":"Event","next":"197","tru":"True","index":"98","posX":"27.41193","posY":"-1.775547","minimized":"False","advance_mode":"OnClick","type":"event"},"99":{"choices":"102~~{Q5} = ~-~197~~true~-~","isRandom":"False","name":"Branch","next":"-1","tru":"True","index":"99","posX":"20.64461","posY":"6.586472","minimized":"False","advance_mode":"OnClick","type":"if"},"102":{"choiceType":"simple","content":"You have unanswered questions. Are you sure you want to continue?","owner":"","speaking":"False","prompted":"True","timed":"False","timer":"-1","choices":"197~~Yes~~False~~none~~true~-~372~~No~~False~~none~~true~-~","variable":null,"name":"Player Choice","next":"-1","tru":"True","index":"102","posX":"24.29389","posY":"8.165443","minimized":"False","advance_mode":"OnClick","type":"choice"},"103":{"nextScript":"Page 8","transitionText":"None","variablePairs":"","name":"end","next":"-1","tru":"True","index":"103","posX":"34.89993","posY":"1.466527","minimized":"False","advance_mode":"OnClick","type":"end"},"172":{"displayName":null,"owner":"{progress}","newValue":"{sceneNo}/{noOfScenes} * 100","fromVariable":"False","get":"True","name":"Set Variable","next":"175","tru":"True","index":"172","posX":"3.130505","posY":"6.666082","minimized":"False","advance_mode":"OnClick","type":"variable"},"173":{"actionTarget":"progress_text","actionName":"TypeText","action_text":"{progress}%","action_type-speed":"10","name":"Action","next":"-1","tru":"True","index":"173","posX":"9.298861","posY":"6.666084","minimized":"False","advance_mode":"Instantly","type":"action"},"175":{"actionTarget":"BasicMeter","actionName":"ChangeValue","action_value":"{progress}","action_time":"0","action_easing":"linear","name":"Action","next":"173","tru":"True","index":"175","posX":"6.196137","posY":"6.653721","minimized":"False","advance_mode":"Instantly","type":"action"},"176":{"functionType":"CustomFunction","functionDetail":"progress","functionDetail2":"","functionDetail3":"","functionDetail4":"","functionDetail5":"","name":"Call Function","next":"-1","tru":"True","index":"176","posX":"3.472242","posY":"-0.0182299","minimized":"False","advance_mode":"OnClick","type":"callfunction"},"177":{"functionName":"progress","takesFocus":"False","name":"Make Function","next":"172","tru":"True","index":"177","posX":"-0.3456855","posY":"6.718462","minimized":"False","advance_mode":"OnClick","type":"customfunction"},"197":{"displayName":null,"owner":"{sceneNo}","newValue":"{sceneNo} + 1","fromVariable":"False","get":"True","name":"Set Variable","next":"103","tru":"True","index":"197","posX":"31.37539","posY":"1.720662","minimized":"False","advance_mode":"OnClick","type":"variable"},"371":{"functionType":"DeactivateEvent","functionDetail":"type_again","functionDetail2":"","functionDetail3":"","functionDetail4":"","functionDetail5":"","name":"Call Function","next":"99","tru":"True","index":"371","posX":"17.42796","posY":"5.40151","minimized":"False","advance_mode":"OnClick","type":"callfunction"},"372":{"functionType":"ActivateEvent","functionDetail":"type_again","functionDetail2":"","functionDetail3":"","functionDetail4":"","functionDetail5":"","name":"Call Function","next":"-1","tru":"True","index":"372","posX":"27.73011","posY":"1.063757","minimized":"False","advance_mode":"OnClick","type":"callfunction"},"28246":{"customEventName":"age","eventDetails":"age1","startsActive":"True","takesFocus":"True","eventType":"ObjectClick","name":"Event","next":"30989","tru":"True","index":"28246","posX":"19.0859","posY":"-16.9778","minimized":"False","advance_mode":"OnClick","type":"event"},"28248":{"functionName":"reset_all_1","takesFocus":"True","name":"Make Function","next":"28254","tru":"True","index":"28248","posX":"24.97814","posY":"-8.606136","minimized":"False","advance_mode":"OnClick","type":"customfunction"},"28250":{"displayName":null,"owner":"{Q15}","newValue":"Prefer not to answer","fromVariable":"False","get":"True","name":"Set Variable","next":"28362","tru":"True","index":"28250","posX":"32.10576","posY":"-23.83731","minimized":"False","advance_mode":"OnClick","type":"variable"},"28251":{"actionTarget":"age2","actionName":"ChangeColor","action_color":"1ca81e","name":"Action","next":"28250","tru":"True","index":"28251","posX":"29.00253","posY":"-23.84418","minimized":"False","advance_mode":"Instantly","type":"action"},"28252":{"customEventName":"age","eventDetails":"age2","startsActive":"True","takesFocus":"True","eventType":"ObjectClick","name":"Event","next":"28259","tru":"True","index":"28252","posX":"22.51493","posY":"-23.54803","minimized":"False","advance_mode":"OnClick","type":"event"},"28253":{"actionTarget":"age2","actionName":"ChangeColor","action_color":"FFFFFF","name":"Action","next":"28256","tru":"True","index":"28253","posX":"31.55238","posY":"-8.590119","minimized":"False","advance_mode":"Instantly","type":"action"},"28254":{"actionTarget":"age1","actionName":"ChangeColor","action_color":"FFFFFF","name":"Action","next":"28253","tru":"True","index":"28254","posX":"28.20142","posY":"-8.622931","minimized":"False","advance_mode":"Instantly","type":"action"},"28255":{"actionTarget":"age4","actionName":"ChangeColor","action_color":"FFFFFF","name":"Action","next":"28257","tru":"True","index":"28255","posX":"37.93459","posY":"-8.599442","minimized":"False","advance_mode":"Instantly","type":"action"},"28256":{"actionTarget":"age3","actionName":"ChangeColor","action_color":"FFFFFF","name":"Action","next":"28255","tru":"True","index":"28256","posX":"34.69118","posY":"-8.605371","minimized":"False","advance_mode":"Instantly","type":"action"},"28257":{"actionTarget":"age5","actionName":"ChangeColor","action_color":"FFFFFF","name":"Action","next":"28318","tru":"True","index":"28257","posX":"41.07198","posY":"-8.615842","minimized":"False","advance_mode":"Instantly","type":"action"},"28258":{"functionType":"CustomFunction","functionDetail":"reset_all_1","functionDetail2":"","functionDetail3":"","functionDetail4":"","functionDetail5":"","name":"Call Function","next":"30984","tru":"True","index":"28258","posX":"25.72529","posY":"-16.57366","minimized":"False","advance_mode":"OnClick","type":"callfunction"},"28259":{"functionType":"CustomFunction","functionDetail":"reset_all_1","functionDetail2":"","functionDetail3":"","functionDetail4":"","functionDetail5":"","name":"Call Function","next":"28251","tru":"True","index":"28259","posX":"25.72264","posY":"-23.03557","minimized":"False","advance_mode":"OnClick","type":"callfunction"},"28260":{"displayName":null,"owner":"{Q15}","newValue":"3","fromVariable":"False","get":"True","name":"Set Variable","next":"28362","tru":"True","index":"28260","posX":"32.12644","posY":"-27.85241","minimized":"False","advance_mode":"OnClick","type":"variable"},"28261":{"actionTarget":"age3","actionName":"ChangeColor","action_color":"1ca81e","name":"Action","next":"28260","tru":"True","index":"28261","posX":"29.02321","posY":"-27.85927","minimized":"False","advance_mode":"Instantly","type":"action"},"28262":{"customEventName":"","eventDetails":"age3","startsActive":"True","takesFocus":"True","eventType":"ObjectClick","name":"Event","next":"28263","tru":"True","index":"28262","posX":"22.73213","posY":"-27.8922","minimized":"False","advance_mode":"OnClick","type":"event"},"28263":{"functionType":"CustomFunction","functionDetail":"reset_all_1","functionDetail2":"","functionDetail3":"","functionDetail4":"","functionDetail5":"","name":"Call Function","next":"28261","tru":"True","index":"28263","posX":"25.91264","posY":"-27.85958","minimized":"False","advance_mode":"OnClick","type":"callfunction"},"28264":{"displayName":null,"owner":"{Q15}","newValue":"4","fromVariable":"False","get":"True","name":"Set Variable","next":"28362","tru":"True","index":"28264","posX":"32.12644","posY":"-31.80171","minimized":"False","advance_mode":"OnClick","type":"variable"},"28265":{"actionTarget":"age4","actionName":"ChangeColor","action_color":"1ca81e","name":"Action","next":"28264","tru":"True","index":"28265","posX":"29.02321","posY":"-31.80861","minimized":"False","advance_mode":"Instantly","type":"action"},"28266":{"customEventName":"","eventDetails":"age4","startsActive":"True","takesFocus":"True","eventType":"ObjectClick","name":"Event","next":"28267","tru":"True","index":"28266","posX":"22.73212","posY":"-31.84151","minimized":"False","advance_mode":"OnClick","type":"event"},"28267":{"functionType":"CustomFunction","functionDetail":"reset_all_1","functionDetail2":"","functionDetail3":"","functionDetail4":"","functionDetail5":"","name":"Call Function","next":"28265","tru":"True","index":"28267","posX":"25.91263","posY":"-31.80888","minimized":"False","advance_mode":"OnClick","type":"callfunction"},"28268":{"displayName":null,"owner":"{Q15}","newValue":"5","fromVariable":"False","get":"True","name":"Set Variable","next":"28362","tru":"True","index":"28268","posX":"32.16968","posY":"-35.67896","minimized":"False","advance_mode":"OnClick","type":"variable"},"28269":{"actionTarget":"age5","actionName":"ChangeColor","action_color":"1ca81e","name":"Action","next":"28268","tru":"True","index":"28269","posX":"29.06645","posY":"-35.68583","minimized":"False","advance_mode":"Instantly","type":"action"},"28270":{"customEventName":"","eventDetails":"age5","startsActive":"True","takesFocus":"True","eventType":"ObjectClick","name":"Event","next":"28271","tru":"True","index":"28270","posX":"22.73481","posY":"-35.50703","minimized":"False","advance_mode":"OnClick","type":"event"},"28271":{"functionType":"CustomFunction","functionDetail":"reset_all_1","functionDetail2":"","functionDetail3":"","functionDetail4":"","functionDetail5":"","name":"Call Function","next":"28269","tru":"True","index":"28271","posX":"25.99591","posY":"-35.02993","minimized":"False","advance_mode":"OnClick","type":"callfunction"},"28272":{"customEventName":"gender","eventDetails":"gender1","startsActive":"True","takesFocus":"True","eventType":"ObjectClick","name":"Event","next":"28284","tru":"True","index":"28272","posX":"56.2032","posY":"-13.29594","minimized":"False","advance_mode":"OnClick","type":"event"},"28273":{"actionTarget":"gender1","actionName":"ChangeColor","action_color":"1ca81e","name":"Action","next":"28275","tru":"True","index":"28273","posX":"62.47987","posY":"-13.32067","minimized":"False","advance_mode":"Instantly","type":"action"},"28274":{"functionName":"reset_all_2","takesFocus":"True","name":"Make Function","next":"28280","tru":"True","index":"28274","posX":"56.22425","posY":"-8.694708","minimized":"False","advance_mode":"OnClick","type":"customfunction"},"28275":{"displayName":null,"owner":"{Q16}","newValue":"1","fromVariable":"False","get":"True","name":"Set Variable","next":"28363","tru":"True","index":"28275","posX":"65.64371","posY":"-13.29938","minimized":"False","advance_mode":"OnClick","type":"variable"},"28276":{"displayName":null,"owner":"{Q16}","newValue":"2","fromVariable":"False","get":"True","name":"Set Variable","next":"28363","tru":"True","index":"28276","posX":"65.59238","posY":"-17.2208","minimized":"False","advance_mode":"OnClick","type":"variable"},"28277":{"actionTarget":"gender2","actionName":"ChangeColor","action_color":"1ca81e","name":"Action","next":"28276","tru":"True","index":"28277","posX":"62.48915","posY":"-17.22768","minimized":"False","advance_mode":"Instantly","type":"action"},"28278":{"customEventName":"gender","eventDetails":"gender2","startsActive":"True","takesFocus":"True","eventType":"ObjectClick","name":"Event","next":"28285","tru":"True","index":"28278","posX":"56.19806","posY":"-17.2606","minimized":"False","advance_mode":"OnClick","type":"event"},"28279":{"actionTarget":"gender2","actionName":"ChangeColor","action_color":"FFFFFF","name":"Action","next":"28282","tru":"True","index":"28279","posX":"62.79852","posY":"-8.678704","minimized":"False","advance_mode":"Instantly","type":"action"},"28280":{"actionTarget":"gender1","actionName":"ChangeColor","action_color":"FFFFFF","name":"Action","next":"28279","tru":"True","index":"28280","posX":"59.44753","posY":"-8.711515","minimized":"False","advance_mode":"Instantly","type":"action"},"28281":{"actionTarget":"gender4","actionName":"ChangeColor","action_color":"FFFFFF","name":"Action","next":"31008","tru":"True","index":"28281","posX":"69.18069","posY":"-8.688009","minimized":"False","advance_mode":"Instantly","type":"action"},"28282":{"actionTarget":"gender3","actionName":"ChangeColor","action_color":"FFFFFF","name":"Action","next":"28281","tru":"True","index":"28282","posX":"65.93727","posY":"-8.693956","minimized":"False","advance_mode":"Instantly","type":"action"},"28284":{"functionType":"CustomFunction","functionDetail":"reset_all_2","functionDetail2":"","functionDetail3":"","functionDetail4":"","functionDetail5":"","name":"Call Function","next":"28273","tru":"True","index":"28284","posX":"59.36242","posY":"-13.32447","minimized":"False","advance_mode":"OnClick","type":"callfunction"},"28285":{"functionType":"CustomFunction","functionDetail":"reset_all_2","functionDetail2":"","functionDetail3":"","functionDetail4":"","functionDetail5":"","name":"Call Function","next":"28277","tru":"True","index":"28285","posX":"59.37855","posY":"-17.22797","minimized":"False","advance_mode":"OnClick","type":"callfunction"},"28286":{"displayName":null,"owner":"{Q16}","newValue":"3","fromVariable":"False","get":"True","name":"Set Variable","next":"28363","tru":"True","index":"28286","posX":"65.61308","posY":"-21.19431","minimized":"False","advance_mode":"OnClick","type":"variable"},"28287":{"actionTarget":"gender3","actionName":"ChangeColor","action_color":"1ca81e","name":"Action","next":"28286","tru":"True","index":"28287","posX":"62.50986","posY":"-21.20118","minimized":"False","advance_mode":"Instantly","type":"action"},"28288":{"customEventName":"gender","eventDetails":"gender3","startsActive":"True","takesFocus":"True","eventType":"ObjectClick","name":"Event","next":"28289","tru":"True","index":"28288","posX":"56.21876","posY":"-21.2757","minimized":"False","advance_mode":"OnClick","type":"event"},"28289":{"functionType":"CustomFunction","functionDetail":"reset_all_2","functionDetail2":"","functionDetail3":"","functionDetail4":"","functionDetail5":"","name":"Call Function","next":"28287","tru":"True","index":"28289","posX":"59.39925","posY":"-21.24308","minimized":"False","advance_mode":"OnClick","type":"callfunction"},"28292":{"customEventName":"gender","eventDetails":"gender4","startsActive":"True","takesFocus":"True","eventType":"ObjectClick","name":"Event","next":"28293","tru":"True","index":"28292","posX":"56.21875","posY":"-25.225","minimized":"False","advance_mode":"OnClick","type":"event"},"28293":{"functionType":"CustomFunction","functionDetail":"reset_all_2","functionDetail2":"","functionDetail3":"","functionDetail4":"","functionDetail5":"","name":"Call Function","next":"28351","tru":"True","index":"28293","posX":"59.39924","posY":"-25.19238","minimized":"False","advance_mode":"OnClick","type":"callfunction"},"28298":{"functionName":"setup","takesFocus":"False","name":"Make Function","next":"28299","tru":"True","index":"28298","posX":"25.21414","posY":"-55.783","minimized":"False","advance_mode":"OnClick","type":"customfunction"},"28299":{"choices":"28300~~{Q15} = 1~-~28301~~{Q15} = 2~-~28302~~{Q15} = 3~-~28303~~{Q15} = 4~-~28304~~{Q15} = 5~-~28342~~{Q15} = 6~-~-1~~true~-~","isRandom":"False","name":"Branch","next":"-1","tru":"True","index":"28299","posX":"29.18184","posY":"-55.82735","minimized":"False","advance_mode":"OnClick","type":"if"},"28300":{"actionTarget":"age1","actionName":"ChangeColor","action_color":"1ca81e","name":"Action","next":"28305","tru":"True","index":"28300","posX":"33.51793","posY":"-51.09745","minimized":"False","advance_mode":"Instantly","type":"action"},"28301":{"actionTarget":"age2","actionName":"ChangeColor","action_color":"1ca81e","name":"Action","next":"28305","tru":"True","index":"28301","posX":"33.52721","posY":"-55.00448","minimized":"False","advance_mode":"Instantly","type":"action"},"28302":{"actionTarget":"age3","actionName":"ChangeColor","action_color":"1ca81e","name":"Action","next":"28305","tru":"True","index":"28302","posX":"33.5479","posY":"-59.01958","minimized":"False","advance_mode":"Instantly","type":"action"},"28303":{"actionTarget":"age4","actionName":"ChangeColor","action_color":"1ca81e","name":"Action","next":"28305","tru":"True","index":"28303","posX":"33.54789","posY":"-62.96888","minimized":"False","advance_mode":"Instantly","type":"action"},"28304":{"actionTarget":"age5","actionName":"ChangeColor","action_color":"1ca81e","name":"Action","next":"28305","tru":"True","index":"28304","posX":"33.59113","posY":"-66.84612","minimized":"False","advance_mode":"Instantly","type":"action"},"28305":{"choices":"28307~~{Q16} = 1~-~28308~~{Q16} = 2~-~28309~~{Q16} = 3~-~28310~~{Q16} = 4~-~-1~~true~-~","isRandom":"False","name":"Branch","next":"-1","tru":"True","index":"28305","posX":"37.94246","posY":"-55.68366","minimized":"False","advance_mode":"OnClick","type":"if"},"28307":{"actionTarget":"gender1","actionName":"ChangeColor","action_color":"1ca81e","name":"Action","next":"-1","tru":"True","index":"28307","posX":"41.85622","posY":"-50.88029","minimized":"False","advance_mode":"Instantly","type":"action"},"28308":{"actionTarget":"gender2","actionName":"ChangeColor","action_color":"1ca81e","name":"Action","next":"-1","tru":"True","index":"28308","posX":"41.8655","posY":"-54.78733","minimized":"False","advance_mode":"Instantly","type":"action"},"28309":{"actionTarget":"gender3","actionName":"ChangeColor","action_color":"1ca81e","name":"Action","next":"-1","tru":"True","index":"28309","posX":"41.88618","posY":"-58.80241","minimized":"False","advance_mode":"Instantly","type":"action"},"28310":{"actionTarget":"gender4","actionName":"ChangeColor","action_color":"1ca81e","name":"Action","next":"-1","tru":"True","index":"28310","posX":"41.88618","posY":"-62.75172","minimized":"False","advance_mode":"Instantly","type":"action"},"28318":{"actionTarget":"age6","actionName":"ChangeColor","action_color":"FFFFFF","name":"Action","next":"30986","tru":"True","index":"28318","posX":"44.12801","posY":"-8.645533","minimized":"False","advance_mode":"Instantly","type":"action"},"28321":{"displayName":null,"owner":"{Q15}","newValue":"6","fromVariable":"False","get":"True","name":"Set Variable","next":"28362","tru":"True","index":"28321","posX":"32.16467","posY":"-39.58015","minimized":"False","advance_mode":"OnClick","type":"variable"},"28322":{"actionTarget":"age6","actionName":"ChangeColor","action_color":"1ca81e","name":"Action","next":"28321","tru":"True","index":"28322","posX":"29.06144","posY":"-39.58701","minimized":"False","advance_mode":"Instantly","type":"action"},"28323":{"customEventName":"","eventDetails":"age6","startsActive":"True","takesFocus":"True","eventType":"ObjectClick","name":"Event","next":"28324","tru":"True","index":"28323","posX":"22.77034","posY":"-39.61992","minimized":"False","advance_mode":"OnClick","type":"event"},"28324":{"functionType":"CustomFunction","functionDetail":"reset_all_1","functionDetail2":"","functionDetail3":"","functionDetail4":"","functionDetail5":"","name":"Call Function","next":"28322","tru":"True","index":"28324","posX":"25.95085","posY":"-39.03743","minimized":"False","advance_mode":"OnClick","type":"callfunction"},"28342":{"actionTarget":"age6","actionName":"ChangeColor","action_color":"1ca81e","name":"Action","next":"28305","tru":"True","index":"28342","posX":"33.60415","posY":"-70.55247","minimized":"False","advance_mode":"Instantly","type":"action"},"28351":{"actionTarget":"gender4","actionName":"ChangeColor","action_color":"1ca81e","name":"Action","next":"28352","tru":"True","index":"28351","posX":"62.68411","posY":"-25.40408","minimized":"False","advance_mode":"Instantly","type":"action"},"28352":{"displayName":null,"owner":"{Q16}","newValue":"4","fromVariable":"False","get":"True","name":"Set Variable","next":"28363","tru":"True","index":"28352","posX":"65.78733","posY":"-25.39721","minimized":"False","advance_mode":"OnClick","type":"variable"},"28357":{"functionName":"activate_next","takesFocus":"True","name":"Make Function","next":"28360","tru":"True","index":"28357","posX":"34.94216","posY":"8.366762","minimized":"False","advance_mode":"OnClick","type":"customfunction"},"28358":{"actionTarget":"next","actionName":"ChangeColor","action_color":"84D151","name":"Action","next":"28359","tru":"True","index":"28358","posX":"42.42541","posY":"10.49037","minimized":"False","advance_mode":"Instantly","type":"action"},"28359":{"actionTarget":"next","actionName":"ChangeTextColor","action_text-color":"000000","name":"Action","next":"28361","tru":"True","index":"28359","posX":"45.42569","posY":"10.48004","minimized":"False","advance_mode":"Instantly","type":"action"},"28360":{"choices":"-1~~{Q15} = 0~-~-1~~{Q16} = 0~-~28358~~true~-~","isRandom":"False","name":"Branch","next":"-1","tru":"True","index":"28360","posX":"38.64108","posY":"9.138998","minimized":"False","advance_mode":"OnClick","type":"if"},"28361":{"functionType":"ActivateEvent","functionDetail":"next","functionDetail2":"","functionDetail3":"","functionDetail4":"","functionDetail5":"","name":"Call Function","next":"-1","tru":"True","index":"28361","posX":"48.69323","posY":"11.28606","minimized":"False","advance_mode":"OnClick","type":"callfunction"},"28362":{"functionType":"CustomFunction","functionDetail":"activate_next","functionDetail2":"","functionDetail3":"","functionDetail4":"","functionDetail5":"","name":"Call Function","next":"-1","tru":"True","index":"28362","posX":"40.36218","posY":"-24.29842","minimized":"False","advance_mode":"OnClick","type":"callfunction"},"28363":{"functionType":"CustomFunction","functionDetail":"activate_next","functionDetail2":"","functionDetail3":"","functionDetail4":"","functionDetail5":"","name":"Call Function","next":"-1","tru":"True","index":"28363","posX":"69.58907","posY":"-18.28288","minimized":"False","advance_mode":"OnClick","type":"callfunction"},"30984":{"choiceType":"open_response","content":"","owner":"","speaking":"False","prompted":"False","timed":"False","timer":"-1","choices":"-1~~~~False~~none~~true~-~-1~~~~False~~none~~true~-~","variable":"Q15","inputMultiline":"False","openResponseButton":"Background","openResponseTextObject":"age1","name":"Player Choice","next":"30985","tru":"True","index":"30984","posX":"29.01209","posY":"-18.56157","minimized":"False","advance_mode":"OnClick","type":"choice"},"30985":{"actionTarget":"age1","actionName":"TypeText","action_text":"{Q15}","action_type-speed":"0","name":"Action","next":"30991","tru":"True","index":"30985","posX":"32.23841","posY":"-18.23735","minimized":"False","advance_mode":"Instantly","type":"action"},"30986":{"actionTarget":"age1","actionName":"TypeText","action_text":"","action_type-speed":"0","name":"Action","next":"-1","tru":"True","index":"30986","posX":"47.39093","posY":"-8.989477","minimized":"False","advance_mode":"Instantly","type":"action"},"30989":{"functionType":"DeactivateEvent","functionDetail":"age","functionDetail2":"","functionDetail3":"","functionDetail4":"","functionDetail5":"","name":"Call Function","next":"30995","tru":"True","index":"30989","posX":"22.43963","posY":"-16.5353","minimized":"False","advance_mode":"OnClick","type":"callfunction"},"30991":{"functionType":"ActivateEvent","functionDetail":"age","functionDetail2":"","functionDetail3":"","functionDetail4":"","functionDetail5":"","name":"Call Function","next":"30996","tru":"True","index":"30991","posX":"35.26014","posY":"-17.00757","minimized":"False","advance_mode":"OnClick","type":"callfunction"},"30995":{"functionType":"DeactivateEvent","functionDetail":"gender","functionDetail2":"","functionDetail3":"","functionDetail4":"","functionDetail5":"","name":"Call Function","next":"28258","tru":"True","index":"30995","posX":"22.41348","posY":"-18.53472","minimized":"False","advance_mode":"OnClick","type":"callfunction"},"30996":{"functionType":"ActivateEvent","functionDetail":"gender","functionDetail2":"","functionDetail3":"","functionDetail4":"","functionDetail5":"","name":"Call Function","next":"28362","tru":"True","index":"30996","posX":"38.36184","posY":"-17.03741","minimized":"False","advance_mode":"OnClick","type":"callfunction"},"31002":{"displayName":null,"owner":"{Q16}","newValue":"5","fromVariable":"False","get":"True","name":"Set Variable","next":"31006","tru":"True","index":"31002","posX":"65.83322","posY":"-29.53403","minimized":"False","advance_mode":"OnClick","type":"variable"},"31003":{"actionTarget":"gender5","actionName":"ChangeColor","action_color":"1ca81e","name":"Action","next":"31002","tru":"True","index":"31003","posX":"62.72998","posY":"-29.5409","minimized":"False","advance_mode":"Instantly","type":"action"},"31004":{"customEventName":"","eventDetails":"gender5","startsActive":"True","takesFocus":"True","eventType":"ObjectClick","name":"Event","next":"31005","tru":"True","index":"31004","posX":"56.4389","posY":"-29.57381","minimized":"False","advance_mode":"OnClick","type":"event"},"31005":{"functionType":"CustomFunction","functionDetail":"reset_all_2","functionDetail2":"","functionDetail3":"","functionDetail4":"","functionDetail5":"","name":"Call Function","next":"31003","tru":"True","index":"31005","posX":"59.61939","posY":"-29.5412","minimized":"False","advance_mode":"OnClick","type":"callfunction"},"31006":{"choiceType":"open_response","content":"","owner":"","speaking":"False","prompted":"False","timed":"False","timer":"-1","choices":"-1~~~~False~~none~~true~-~-1~~~~False~~none~~true~-~","variable":"Q_gender_self","inputMultiline":"False","openResponseButton":"Background","openResponseTextObject":"gender6","name":"Player Choice","next":"31007","tru":"True","index":"31006","posX":"69.50233","posY":"-29.37668","minimized":"False","advance_mode":"OnClick","type":"choice"},"31007":{"actionTarget":"gender6","actionName":"TypeText","action_text":"{Q_gender_self}","action_type-speed":"0","name":"Action","next":"28363","tru":"True","index":"31007","posX":"72.8701","posY":"-28.62454","minimized":"False","advance_mode":"Instantly","type":"action"},"31008":{"actionTarget":"gender5","actionName":"ChangeColor","action_color":"FFFFFF","name":"Action","next":"31014","tru":"True","index":"31008","posX":"72.35805","posY":"-8.710882","minimized":"False","advance_mode":"Instantly","type":"action"},"31014":{"actionTarget":"gender6","actionName":"TypeText","action_text":"","action_type-speed":"0","name":"Action","next":"-1","tru":"True","index":"31014","posX":"75.64537","posY":"-9.138494","minimized":"False","advance_mode":"Instantly","type":"action"}},"scene":{"name":"Scene 1","title":"Page 7","pos":{"x":0.0,"y":0.0,"z":0.0},"uid":"11287","background":"wall_inside_35","furniture":[{"uid":0,"rotation":0.0,"visible":true,"locked":true,"color":"FFFFFF","textcolor":"000000","image":"wall_inside_35","value":0.0,"text":"","fontSize":0,"parentName":"","objectType":0,"thisOC":null,"name":"Background","pos":{"x":0.0,"y":0.0,"z":0.0},"size":{"x":960.0,"y":540.0}},{"uid":1,"rotation":0.0,"visible":true,"locked":false,"color":"A6A6A6","textcolor":"FFFFFF","image":"jeopardy_button_white_1","value":0.0,"text":"Next","fontSize":20,"parentName":"","objectType":1,"thisOC":null,"name":"next","pos":{"x":380.0,"y":-220.0,"z":0.0},"size":{"x":140.0,"y":50.0}},{"uid":2,"rotation":0.0,"visible":true,"locked":true,"color":"74D4ED","textcolor":"FFFFFF","image":"meter_basic_1","value":10.0,"text":"","fontSize":20,"parentName":"","objectType":6,"thisOC":null,"name":"BasicMeter","pos":{"x":-3.81469727E-06,"y":-224.999985,"z":0.0},"size":{"x":500.0,"y":5.0}},{"uid":3,"rotation":0.0,"visible":true,"locked":true,"color":"FFFFFF00","textcolor":"D1D1D1","image":"","value":0.0,"text":"10%","fontSize":15,"parentName":"BasicMeter","objectType":2,"thisOC":null,"name":"progress_text","pos":{"x":-221.151932,"y":10.0012054,"z":0.0},"size":{"x":50.1753235,"y":26.6217651}},{"uid":4,"rotation":0.0,"visible":true,"locked":true,"color":"FFFFFF","textcolor":"000000","image":"button_blank_1","value":0.0,"text":"","fontSize":20,"parentName":"","objectType":1,"thisOC":null,"name":"gender6","pos":{"x":200.000031,"y":-131.846161,"z":0.0},"size":{"x":280.0,"y":56.69229}},{"uid":5,"rotation":0.0,"visible":true,"locked":true,"color":"FFFFFF","textcolor":"000000","image":"button_blank_1","value":0.0,"text":"Prefer to self-describe:","fontSize":20,"parentName":"","objectType":1,"thisOC":null,"name":"gender5","pos":{"x":155.0,"y":-73.00001,"z":0.0},"size":{"x":273.0,"y":45.0}},{"uid":6,"rotation":0.0,"visible":true,"locked":true,"color":"FFFFFF","textcolor":"000000","image":"button_blank_1","value":0.0,"text":"Prefer not to answer","fontSize":20,"parentName":"","objectType":1,"thisOC":null,"name":"gender4","pos":{"x":155.0,"y":-19.0,"z":0.0},"size":{"x":273.0,"y":45.0}},{"uid":7,"rotation":0.0,"visible":true,"locked":true,"color":"FFFFFF","textcolor":"000000","image":"button_blank_1","value":0.0,"text":"Non-binary","fontSize":20,"parentName":"","objectType":1,"thisOC":null,"name":"gender3","pos":{"x":155.0,"y":34.0,"z":0.0},"size":{"x":273.0,"y":45.0}},{"uid":8,"rotation":0.0,"visible":true,"locked":true,"color":"FFFFFF","textcolor":"000000","image":"button_blank_1","value":0.0,"text":"Female","fontSize":20,"parentName":"","objectType":1,"thisOC":null,"name":"gender2","pos":{"x":155.0,"y":87.0,"z":0.0},"size":{"x":273.0,"y":45.0}},{"uid":9,"rotation":0.0,"visible":true,"locked":true,"color":"FFFFFF","textcolor":"000000","image":"button_blank_1","value":0.0,"text":"Male","fontSize":20,"parentName":"","objectType":1,"thisOC":null,"name":"gender1","pos":{"x":155.0,"y":140.0,"z":0.0},"size":{"x":273.0,"y":45.0}},{"uid":10,"rotation":0.0,"visible":true,"locked":true,"color":"FFFFFF00","textcolor":"000000","image":"","value":0.0,"text":"8. What is your gender?","fontSize":20,"parentName":"","objectType":2,"thisOC":null,"name":"Question_gender","pos":{"x":177.0,"y":195.0,"z":0.0},"size":{"x":340.0,"y":35.68}},{"uid":11,"rotation":0.0,"visible":false,"locked":true,"color":"FFFFFF","textcolor":"000000","image":"button_blank_1","value":0.0,"text":"Prefer not to answer","fontSize":20,"parentName":"","objectType":1,"thisOC":null,"name":"age6","pos":{"x":-307.0,"y":-125.0,"z":0.0},"size":{"x":210.0,"y":45.0}},{"uid":12,"rotation":0.0,"visible":false,"locked":true,"color":"FFFFFF","textcolor":"000000","image":"button_blank_1","value":0.0,"text":"35+ years old","fontSize":20,"parentName":"","objectType":1,"thisOC":null,"name":"age5","pos":{"x":-307.0,"y":-72.0,"z":0.0},"size":{"x":210.0,"y":45.0}},{"uid":13,"rotation":0.0,"visible":false,"locked":true,"color":"FFFFFF","textcolor":"000000","image":"button_blank_1","value":0.0,"text":"31 - 35 years old","fontSize":20,"parentName":"","objectType":1,"thisOC":null,"name":"age4","pos":{"x":-307.0,"y":-19.0,"z":0.0},"size":{"x":210.0,"y":45.0}},{"uid":14,"rotation":0.0,"visible":false,"locked":true,"color":"FFFFFF","textcolor":"000000","image":"button_blank_1","value":0.0,"text":"25 - 30 years old","fontSize":20,"parentName":"","objectType":1,"thisOC":null,"name":"age3","pos":{"x":-307.0,"y":34.0,"z":0.0},"size":{"x":210.0,"y":45.0}},{"uid":15,"rotation":0.0,"visible":true,"locked":true,"color":"FFFFFF","textcolor":"000000","image":"button_blank_1","value":0.0,"text":"Prefer not to answer","fontSize":20,"parentName":"","objectType":1,"thisOC":null,"name":"age2","pos":{"x":-307.0,"y":87.0,"z":0.0},"size":{"x":210.0,"y":45.0}},{"uid":16,"rotation":0.0,"visible":true,"locked":true,"color":"FFFFFF","textcolor":"000000","image":"button_blank_1","value":0.0,"text":"","fontSize":20,"parentName":"","objectType":1,"thisOC":null,"name":"age1","pos":{"x":-307.0,"y":140.0,"z":0.0},"size":{"x":210.0,"y":45.0}},{"uid":17,"rotation":0.0,"visible":true,"locked":true,"color":"FFFFFF00","textcolor":"000000","image":"","value":0.0,"text":"7. How old are you? (type below)","fontSize":20,"parentName":"","objectType":2,"thisOC":null,"name":"Question_age","pos":{"x":-273.219177,"y":195.0,"z":0.0},"size":{"x":303.5615,"y":35.6808777}}],"recent_assets":[],"recent_backgrounds":[],"recent_characters":[],"layoutScale":0.513158,"layoutPosition":{"x":-57.0388,"y":-32.4770126},"scriptorScale":0.5131573,"scriptorPosition":{"x":-3367.11719,"y":439.711578},"layoutParamSet":true,"scriptorParamSet":true},"started":false}