{"dictNodes":{"0":{"name":"Start","next":"176","tru":"True","index":"0","posX":"-0.539257","posY":"-0.04308067","minimized":"False","advance_mode":"OnClick","type":"start"},"98":{"customEventName":"next","eventDetails":"next","startsActive":"False","takesFocus":"True","eventType":"ObjectClick","name":"Event","next":"197","tru":"True","index":"98","posX":"27.41193","posY":"-1.775547","minimized":"False","advance_mode":"OnClick","type":"event"},"99":{"choices":"102~~{Q5} = ~-~197~~true~-~","isRandom":"False","name":"Branch","next":"-1","tru":"True","index":"99","posX":"20.64461","posY":"6.586472","minimized":"False","advance_mode":"OnClick","type":"if"},"102":{"choiceType":"simple","content":"You have unanswered questions. Are you sure you want to continue?","owner":"","speaking":"False","prompted":"True","timed":"False","timer":"-1","choices":"197~~Yes~~False~~none~~true~-~372~~No~~False~~none~~true~-~","variable":null,"name":"Player Choice","next":"-1","tru":"True","index":"102","posX":"24.29389","posY":"8.165443","minimized":"False","advance_mode":"OnClick","type":"choice"},"103":{"nextScript":"Debriefing","transitionText":"None","variablePairs":"","name":"end","next":"-1","tru":"True","index":"103","posX":"34.89993","posY":"1.466527","minimized":"False","advance_mode":"OnClick","type":"end"},"172":{"displayName":null,"owner":"{progress}","newValue":"{sceneNo}/{noOfScenes} * 100","fromVariable":"False","get":"True","name":"Set Variable","next":"175","tru":"True","index":"172","posX":"3.130505","posY":"6.666082","minimized":"False","advance_mode":"OnClick","type":"variable"},"173":{"actionTarget":"progress_text","actionName":"TypeText","action_text":"{progress}%","action_type-speed":"10","name":"Action","next":"-1","tru":"True","index":"173","posX":"9.298861","posY":"6.666084","minimized":"False","advance_mode":"Instantly","type":"action"},"175":{"actionTarget":"BasicMeter","actionName":"ChangeValue","action_value":"{progress}","action_time":"0","action_easing":"linear","name":"Action","next":"173","tru":"True","index":"175","posX":"6.196137","posY":"6.653721","minimized":"False","advance_mode":"Instantly","type":"action"},"176":{"functionType":"CustomFunction","functionDetail":"progress","functionDetail2":"","functionDetail3":"","functionDetail4":"","functionDetail5":"","name":"Call Function","next":"-1","tru":"True","index":"176","posX":"3.472242","posY":"-0.0182299","minimized":"False","advance_mode":"OnClick","type":"callfunction"},"177":{"functionName":"progress","takesFocus":"False","name":"Make Function","next":"172","tru":"True","index":"177","posX":"-0.3456855","posY":"6.718462","minimized":"False","advance_mode":"OnClick","type":"customfunction"},"197":{"displayName":null,"owner":"{sceneNo}","newValue":"{sceneNo} + 1","fromVariable":"False","get":"True","name":"Set Variable","next":"103","tru":"True","index":"197","posX":"31.37539","posY":"1.720662","minimized":"False","advance_mode":"OnClick","type":"variable"},"371":{"functionType":"DeactivateEvent","functionDetail":"type_again","functionDetail2":"","functionDetail3":"","functionDetail4":"","functionDetail5":"","name":"Call Function","next":"99","tru":"True","index":"371","posX":"17.42796","posY":"5.40151","minimized":"False","advance_mode":"OnClick","type":"callfunction"},"372":{"functionType":"ActivateEvent","functionDetail":"type_again","functionDetail2":"","functionDetail3":"","functionDetail4":"","functionDetail5":"","name":"Call Function","next":"-1","tru":"True","index":"372","posX":"27.73011","posY":"1.063757","minimized":"False","advance_mode":"OnClick","type":"callfunction"},"28246":{"customEventName":"","eventDetails":"occu1","startsActive":"True","takesFocus":"True","eventType":"ObjectClick","name":"Event","next":"28258","tru":"True","index":"28246","posX":"24.95708","posY":"-13.20735","minimized":"False","advance_mode":"OnClick","type":"event"},"28247":{"actionTarget":"occu1","actionName":"ChangeColor","action_color":"1ca81e","name":"Action","next":"28249","tru":"True","index":"28247","posX":"31.39836","posY":"-13.30617","minimized":"False","advance_mode":"Instantly","type":"action"},"28248":{"functionName":"reset_all_1","takesFocus":"True","name":"Make Function","next":"28254","tru":"True","index":"28248","posX":"24.97814","posY":"-8.606136","minimized":"False","advance_mode":"OnClick","type":"customfunction"},"28249":{"displayName":null,"owner":"{Q18}","newValue":"1","fromVariable":"False","get":"True","name":"Set Variable","next":"28380","tru":"True","index":"28249","posX":"34.33698","posY":"-13.2108","minimized":"False","advance_mode":"OnClick","type":"variable"},"28250":{"displayName":null,"owner":"{Q18}","newValue":"2","fromVariable":"False","get":"True","name":"Set Variable","next":"28380","tru":"True","index":"28250","posX":"34.34627","posY":"-17.13223","minimized":"False","advance_mode":"OnClick","type":"variable"},"28251":{"actionTarget":"occu2","actionName":"ChangeColor","action_color":"1ca81e","name":"Action","next":"28250","tru":"True","index":"28251","posX":"31.24304","posY":"-17.1391","minimized":"False","advance_mode":"Instantly","type":"action"},"28252":{"customEventName":"","eventDetails":"occu2","startsActive":"True","takesFocus":"True","eventType":"ObjectClick","name":"Event","next":"28259","tru":"True","index":"28252","posX":"24.95195","posY":"-17.17201","minimized":"False","advance_mode":"OnClick","type":"event"},"28253":{"actionTarget":"occu2","actionName":"ChangeColor","action_color":"FFFFFF","name":"Action","next":"28256","tru":"True","index":"28253","posX":"31.55238","posY":"-8.590119","minimized":"False","advance_mode":"Instantly","type":"action"},"28254":{"actionTarget":"occu1","actionName":"ChangeColor","action_color":"FFFFFF","name":"Action","next":"28253","tru":"True","index":"28254","posX":"28.20142","posY":"-8.622931","minimized":"False","advance_mode":"Instantly","type":"action"},"28255":{"actionTarget":"occu4","actionName":"ChangeColor","action_color":"FFFFFF","name":"Action","next":"28257","tru":"True","index":"28255","posX":"37.93459","posY":"-8.599442","minimized":"False","advance_mode":"Instantly","type":"action"},"28256":{"actionTarget":"occu3","actionName":"ChangeColor","action_color":"FFFFFF","name":"Action","next":"28255","tru":"True","index":"28256","posX":"34.69118","posY":"-8.605371","minimized":"False","advance_mode":"Instantly","type":"action"},"28257":{"actionTarget":"occu5","actionName":"ChangeColor","action_color":"FFFFFF","name":"Action","next":"30999","tru":"True","index":"28257","posX":"41.07198","posY":"-8.615842","minimized":"False","advance_mode":"Instantly","type":"action"},"28258":{"functionType":"CustomFunction","functionDetail":"reset_all_1","functionDetail2":"","functionDetail3":"","functionDetail4":"","functionDetail5":"","name":"Call Function","next":"28247","tru":"True","index":"28258","posX":"28.1163","posY":"-13.23588","minimized":"False","advance_mode":"OnClick","type":"callfunction"},"28259":{"functionType":"CustomFunction","functionDetail":"reset_all_1","functionDetail2":"","functionDetail3":"","functionDetail4":"","functionDetail5":"","name":"Call Function","next":"28251","tru":"True","index":"28259","posX":"28.13246","posY":"-17.1394","minimized":"False","advance_mode":"OnClick","type":"callfunction"},"28260":{"displayName":null,"owner":"{Q18}","newValue":"3","fromVariable":"False","get":"True","name":"Set Variable","next":"28380","tru":"True","index":"28260","posX":"34.36695","posY":"-21.14733","minimized":"False","advance_mode":"OnClick","type":"variable"},"28261":{"actionTarget":"occu3","actionName":"ChangeColor","action_color":"1ca81e","name":"Action","next":"28260","tru":"True","index":"28261","posX":"31.26373","posY":"-21.1542","minimized":"False","advance_mode":"Instantly","type":"action"},"28262":{"customEventName":"","eventDetails":"occu3","startsActive":"True","takesFocus":"True","eventType":"ObjectClick","name":"Event","next":"28263","tru":"True","index":"28262","posX":"24.97264","posY":"-21.18712","minimized":"False","advance_mode":"OnClick","type":"event"},"28263":{"functionType":"CustomFunction","functionDetail":"reset_all_1","functionDetail2":"","functionDetail3":"","functionDetail4":"","functionDetail5":"","name":"Call Function","next":"28261","tru":"True","index":"28263","posX":"28.15315","posY":"-21.1545","minimized":"False","advance_mode":"OnClick","type":"callfunction"},"28264":{"displayName":null,"owner":"{Q18}","newValue":"4","fromVariable":"False","get":"True","name":"Set Variable","next":"28380","tru":"True","index":"28264","posX":"34.36695","posY":"-25.09663","minimized":"False","advance_mode":"OnClick","type":"variable"},"28265":{"actionTarget":"occu4","actionName":"ChangeColor","action_color":"1ca81e","name":"Action","next":"28264","tru":"True","index":"28265","posX":"31.26373","posY":"-25.10353","minimized":"False","advance_mode":"Instantly","type":"action"},"28266":{"customEventName":"","eventDetails":"occu4","startsActive":"True","takesFocus":"True","eventType":"ObjectClick","name":"Event","next":"28267","tru":"True","index":"28266","posX":"24.97263","posY":"-25.13643","minimized":"False","advance_mode":"OnClick","type":"event"},"28267":{"functionType":"CustomFunction","functionDetail":"reset_all_1","functionDetail2":"","functionDetail3":"","functionDetail4":"","functionDetail5":"","name":"Call Function","next":"28265","tru":"True","index":"28267","posX":"28.15314","posY":"-25.1038","minimized":"False","advance_mode":"OnClick","type":"callfunction"},"28268":{"displayName":null,"owner":"{Q18}","newValue":"5","fromVariable":"False","get":"True","name":"Set Variable","next":"28357","tru":"True","index":"28268","posX":"34.41019","posY":"-28.97388","minimized":"False","advance_mode":"OnClick","type":"variable"},"28269":{"actionTarget":"occu5","actionName":"ChangeColor","action_color":"1ca81e","name":"Action","next":"28268","tru":"True","index":"28269","posX":"31.30696","posY":"-28.98075","minimized":"False","advance_mode":"Instantly","type":"action"},"28270":{"customEventName":"","eventDetails":"occu5","startsActive":"True","takesFocus":"True","eventType":"ObjectClick","name":"Event","next":"28271","tru":"True","index":"28270","posX":"25.01587","posY":"-29.01366","minimized":"False","advance_mode":"OnClick","type":"event"},"28271":{"functionType":"CustomFunction","functionDetail":"reset_all_1","functionDetail2":"","functionDetail3":"","functionDetail4":"","functionDetail5":"","name":"Call Function","next":"28269","tru":"True","index":"28271","posX":"28.19637","posY":"-28.98105","minimized":"False","advance_mode":"OnClick","type":"callfunction"},"28298":{"functionName":"setup","takesFocus":"False","name":"Make Function","next":"28299","tru":"True","index":"28298","posX":"25.99995","posY":"-52.35399","minimized":"False","advance_mode":"OnClick","type":"customfunction"},"28299":{"choices":"28300~~{Q18} = 1~-~28301~~{Q18} = 2~-~28302~~{Q18} = 3~-~28303~~{Q18} = 4~-~28304~~{Q18} = 5~-~-1~~true~-~","isRandom":"False","name":"Branch","next":"-1","tru":"True","index":"28299","posX":"29.96766","posY":"-52.39834","minimized":"False","advance_mode":"OnClick","type":"if"},"28300":{"actionTarget":"occu1","actionName":"ChangeColor","action_color":"1ca81e","name":"Action","next":"-1","tru":"True","index":"28300","posX":"34.30374","posY":"-47.66844","minimized":"False","advance_mode":"Instantly","type":"action"},"28301":{"actionTarget":"occu2","actionName":"ChangeColor","action_color":"1ca81e","name":"Action","next":"-1","tru":"True","index":"28301","posX":"34.31303","posY":"-51.57547","minimized":"False","advance_mode":"Instantly","type":"action"},"28302":{"actionTarget":"occu3","actionName":"ChangeColor","action_color":"1ca81e","name":"Action","next":"-1","tru":"True","index":"28302","posX":"34.33372","posY":"-55.59056","minimized":"False","advance_mode":"Instantly","type":"action"},"28303":{"actionTarget":"occu4","actionName":"ChangeColor","action_color":"1ca81e","name":"Action","next":"-1","tru":"True","index":"28303","posX":"34.33371","posY":"-59.53988","minimized":"False","advance_mode":"Instantly","type":"action"},"28304":{"actionTarget":"occu5","actionName":"ChangeColor","action_color":"1ca81e","name":"Action","next":"-1","tru":"True","index":"28304","posX":"34.37695","posY":"-63.41711","minimized":"False","advance_mode":"Instantly","type":"action"},"28357":{"choiceType":"open_response","content":"","owner":"","speaking":"False","prompted":"False","timed":"False","timer":"-1","choices":"-1~~~~False~~none~~true~-~-1~~~~False~~none~~true~-~","variable":"Q_occupation","inputMultiline":"False","openResponseButton":"Background","openResponseTextObject":"occu_response_box","name":"Player Choice","next":"28360","tru":"True","index":"28357","posX":"38.07931","posY":"-28.81654","minimized":"False","advance_mode":"OnClick","type":"choice"},"28360":{"actionTarget":"occu_response_box","actionName":"TypeText","action_text":"{Q_occupation}","action_type-speed":"0","name":"Action","next":"28380","tru":"True","index":"28360","posX":"41.44707","posY":"-28.0644","minimized":"False","advance_mode":"Instantly","type":"action"},"28374":{"functionName":"activate_next","takesFocus":"True","name":"Make Function","next":"28377","tru":"True","index":"28374","posX":"35.6823","posY":"8.868219","minimized":"False","advance_mode":"OnClick","type":"customfunction"},"28375":{"actionTarget":"next","actionName":"ChangeColor","action_color":"84D151","name":"Action","next":"28376","tru":"True","index":"28375","posX":"43.16555","posY":"10.99183","minimized":"False","advance_mode":"Instantly","type":"action"},"28376":{"actionTarget":"next","actionName":"ChangeTextColor","action_text-color":"000000","name":"Action","next":"28378","tru":"True","index":"28376","posX":"46.16583","posY":"10.9815","minimized":"False","advance_mode":"Instantly","type":"action"},"28377":{"choices":"-1~~{Q18} = 0~-~28375~~true~-~","isRandom":"False","name":"Branch","next":"-1","tru":"True","index":"28377","posX":"39.38121","posY":"9.640454","minimized":"False","advance_mode":"OnClick","type":"if"},"28378":{"functionType":"ActivateEvent","functionDetail":"next","functionDetail2":"","functionDetail3":"","functionDetail4":"","functionDetail5":"","name":"Call Function","next":"-1","tru":"True","index":"28378","posX":"49.43336","posY":"11.78751","minimized":"False","advance_mode":"OnClick","type":"callfunction"},"28380":{"functionType":"CustomFunction","functionDetail":"activate_next","functionDetail2":"","functionDetail3":"","functionDetail4":"","functionDetail5":"","name":"Call Function","next":"-1","tru":"True","index":"28380","posX":"46.11305","posY":"-17.33787","minimized":"False","advance_mode":"OnClick","type":"callfunction"},"30999":{"actionTarget":"occu_response_box","actionName":"TypeText","action_text":"","action_type-speed":"0","name":"Action","next":"-1","tru":"True","index":"30999","posX":"44.16508","posY":"-8.953999","minimized":"False","advance_mode":"Instantly","type":"action"}},"scene":{"name":"Scene 1","title":"Page 9","pos":{"x":0.0,"y":0.0,"z":0.0},"uid":"11289","background":"wall_inside_35","furniture":[{"uid":0,"rotation":0.0,"visible":true,"locked":true,"color":"FFFFFF","textcolor":"000000","image":"wall_inside_35","value":0.0,"text":"","fontSize":0,"parentName":"","objectType":0,"thisOC":null,"name":"Background","pos":{"x":0.0,"y":0.0,"z":0.0},"size":{"x":960.0,"y":540.0}},{"uid":1,"rotation":0.0,"visible":true,"locked":true,"color":"A6A6A6","textcolor":"FFFFFF","image":"jeopardy_button_white_1","value":0.0,"text":"Next","fontSize":20,"parentName":"","objectType":1,"thisOC":null,"name":"next","pos":{"x":380.0,"y":-220.0,"z":0.0},"size":{"x":140.0,"y":50.0}},{"uid":2,"rotation":0.0,"visible":true,"locked":true,"color":"74D4ED","textcolor":"FFFFFF","image":"meter_basic_1","value":10.0,"text":"","fontSize":20,"parentName":"","objectType":6,"thisOC":null,"name":"BasicMeter","pos":{"x":-3.81469727E-06,"y":-224.999985,"z":0.0},"size":{"x":500.0,"y":5.0}},{"uid":3,"rotation":0.0,"visible":true,"locked":true,"color":"FFFFFF00","textcolor":"D1D1D1","image":"","value":0.0,"text":"10%","fontSize":15,"parentName":"BasicMeter","objectType":2,"thisOC":null,"name":"progress_text","pos":{"x":-221.151932,"y":10.0012054,"z":0.0},"size":{"x":50.1753235,"y":26.6217651}},{"uid":4,"rotation":0.0,"visible":true,"locked":true,"color":"FFFFFF","textcolor":"000000","image":"button_blank_1","value":0.0,"text":"","fontSize":20,"parentName":"","objectType":1,"thisOC":null,"name":"occu_response_box","pos":{"x":74.6839752,"y":-136.0425,"z":0.0},"size":{"x":509.804718,"y":69.36042}},{"uid":5,"rotation":0.0,"visible":true,"locked":true,"color":"FFFFFF","textcolor":"000000","image":"button_blank_1","value":0.0,"text":"Other - Please explain your occupation below:","fontSize":20,"parentName":"","objectType":1,"thisOC":null,"name":"occu5","pos":{"x":-40.0,"y":-71.99999,"z":0.0},"size":{"x":740.0,"y":45.0}},{"uid":6,"rotation":0.0,"visible":true,"locked":true,"color":"FFFFFF","textcolor":"000000","image":"button_blank_1","value":0.0,"text":"I am a supply chain expert.","fontSize":20,"parentName":"","objectType":1,"thisOC":null,"name":"occu4","pos":{"x":-40.0,"y":-19.0000286,"z":0.0},"size":{"x":740.0,"y":45.0}},{"uid":7,"rotation":0.0,"visible":true,"locked":true,"color":"FFFFFF","textcolor":"000000","image":"button_blank_1","value":0.0,"text":"I am a healthcare professional or pharmacist.","fontSize":20,"parentName":"","objectType":1,"thisOC":null,"name":"occu3","pos":{"x":-40.0,"y":33.9999924,"z":0.0},"size":{"x":740.0,"y":45.0}},{"uid":8,"rotation":0.0,"visible":true,"locked":true,"color":"FFFFFF","textcolor":"000000","image":"button_blank_1","value":0.0,"text":"I am a graduate student.","fontSize":20,"parentName":"","objectType":1,"thisOC":null,"name":"occu2","pos":{"x":-40.0,"y":87.0000153,"z":0.0},"size":{"x":740.0,"y":45.0}},{"uid":9,"rotation":0.0,"visible":true,"locked":true,"color":"FFFFFF","textcolor":"000000","image":"button_blank_1","value":0.0,"text":"I am an undergraduate student.\r","fontSize":20,"parentName":"","objectType":1,"thisOC":null,"name":"occu1","pos":{"x":-40.0,"y":142.000031,"z":0.0},"size":{"x":740.0,"y":45.0}},{"uid":10,"rotation":0.0,"visible":true,"locked":true,"color":"FFFFFF00","textcolor":"000000","image":"","value":0.0,"text":"10. Which statement applies to you best?","fontSize":20,"parentName":"","objectType":2,"thisOC":null,"name":"Question_occupation","pos":{"x":-50.0,"y":195.0,"z":0.0},"size":{"x":750.0,"y":35.6808777}}],"recent_assets":[],"recent_backgrounds":[],"recent_characters":[],"layoutScale":0.5634125,"layoutPosition":{"x":-115.539352,"y":40.3458138},"scriptorScale":0.5644736,"scriptorPosition":{"x":-2120.167,"y":484.265},"layoutParamSet":true,"scriptorParamSet":true},"started":false}