{"dictNodes":{"0":{"name":"Start","next":"176","tru":"True","index":"0","posX":"-0.539257","posY":"-0.04308067","minimized":"False","advance_mode":"OnClick","type":"start"},"98":{"customEventName":"next","eventDetails":"next","startsActive":"False","takesFocus":"True","eventType":"ObjectClick","name":"Event","next":"197","tru":"True","index":"98","posX":"27.41193","posY":"-1.775547","minimized":"False","advance_mode":"OnClick","type":"event"},"99":{"choices":"102~~{Q5} = ~-~197~~true~-~","isRandom":"False","name":"Branch","next":"-1","tru":"True","index":"99","posX":"20.64461","posY":"6.586472","minimized":"False","advance_mode":"OnClick","type":"if"},"102":{"choiceType":"simple","content":"You have unanswered questions. Are you sure you want to continue?","owner":"","speaking":"False","prompted":"True","timed":"False","timer":"-1","choices":"197~~Yes~~False~~none~~true~-~372~~No~~False~~none~~true~-~","variable":null,"name":"Player Choice","next":"-1","tru":"True","index":"102","posX":"24.29389","posY":"8.165443","minimized":"False","advance_mode":"OnClick","type":"choice"},"103":{"nextScript":"Page 6","transitionText":"None","variablePairs":"","name":"end","next":"-1","tru":"True","index":"103","posX":"34.89993","posY":"1.466527","minimized":"False","advance_mode":"OnClick","type":"end"},"172":{"displayName":null,"owner":"{progress}","newValue":"{sceneNo}/{noOfScenes} * 100","fromVariable":"False","get":"True","name":"Set Variable","next":"175","tru":"True","index":"172","posX":"3.130505","posY":"6.666082","minimized":"False","advance_mode":"OnClick","type":"variable"},"173":{"actionTarget":"progress_text","actionName":"TypeText","action_text":"{progress}%","action_type-speed":"10","name":"Action","next":"-1","tru":"True","index":"173","posX":"9.298861","posY":"6.666084","minimized":"False","advance_mode":"Instantly","type":"action"},"175":{"actionTarget":"BasicMeter","actionName":"ChangeValue","action_value":"{progress}","action_time":"0","action_easing":"linear","name":"Action","next":"173","tru":"True","index":"175","posX":"6.196137","posY":"6.653721","minimized":"False","advance_mode":"Instantly","type":"action"},"176":{"functionType":"CustomFunction","functionDetail":"progress","functionDetail2":"","functionDetail3":"","functionDetail4":"","functionDetail5":"","name":"Call Function","next":"-1","tru":"True","index":"176","posX":"3.472242","posY":"-0.0182299","minimized":"False","advance_mode":"OnClick","type":"callfunction"},"177":{"functionName":"progress","takesFocus":"False","name":"Make Function","next":"172","tru":"True","index":"177","posX":"-0.3456855","posY":"6.718462","minimized":"False","advance_mode":"OnClick","type":"customfunction"},"197":{"displayName":null,"owner":"{sceneNo}","newValue":"{sceneNo} + 1","fromVariable":"False","get":"True","name":"Set Variable","next":"103","tru":"True","index":"197","posX":"31.37539","posY":"1.720662","minimized":"False","advance_mode":"OnClick","type":"variable"},"371":{"functionType":"DeactivateEvent","functionDetail":"type_again","functionDetail2":"","functionDetail3":"","functionDetail4":"","functionDetail5":"","name":"Call Function","next":"99","tru":"True","index":"371","posX":"17.42796","posY":"5.40151","minimized":"False","advance_mode":"OnClick","type":"callfunction"},"372":{"functionType":"ActivateEvent","functionDetail":"type_again","functionDetail2":"","functionDetail3":"","functionDetail4":"","functionDetail5":"","name":"Call Function","next":"-1","tru":"True","index":"372","posX":"27.73011","posY":"1.063757","minimized":"False","advance_mode":"OnClick","type":"callfunction"},"28270":{"customEventName":"","eventDetails":"strategy_open_box","startsActive":"True","takesFocus":"True","eventType":"ObjectClick","name":"Event","next":"28357","tru":"True","index":"28270","posX":"21.66305","posY":"-8.77057","minimized":"False","advance_mode":"OnClick","type":"event"},"28298":{"functionName":"setup","takesFocus":"False","name":"Make Function","next":"28299","tru":"True","index":"28298","posX":"25.99995","posY":"-52.35399","minimized":"False","advance_mode":"OnClick","type":"customfunction"},"28299":{"choices":"28300~~{Q18} = 1~-~28301~~{Q18} = 2~-~28302~~{Q18} = 3~-~28303~~{Q18} = 4~-~28304~~{Q18} = 5~-~-1~~true~-~","isRandom":"False","name":"Branch","next":"-1","tru":"True","index":"28299","posX":"29.96766","posY":"-52.39834","minimized":"False","advance_mode":"OnClick","type":"if"},"28300":{"actionTarget":"occu1","actionName":"ChangeColor","action_color":"1ca81e","name":"Action","next":"-1","tru":"True","index":"28300","posX":"34.30374","posY":"-47.66844","minimized":"False","advance_mode":"Instantly","type":"action"},"28301":{"actionTarget":"occu2","actionName":"ChangeColor","action_color":"1ca81e","name":"Action","next":"-1","tru":"True","index":"28301","posX":"34.31303","posY":"-51.57547","minimized":"False","advance_mode":"Instantly","type":"action"},"28302":{"actionTarget":"occu3","actionName":"ChangeColor","action_color":"1ca81e","name":"Action","next":"-1","tru":"True","index":"28302","posX":"34.33372","posY":"-55.59056","minimized":"False","advance_mode":"Instantly","type":"action"},"28303":{"actionTarget":"occu4","actionName":"ChangeColor","action_color":"1ca81e","name":"Action","next":"-1","tru":"True","index":"28303","posX":"34.33371","posY":"-59.53988","minimized":"False","advance_mode":"Instantly","type":"action"},"28304":{"actionTarget":"occu5","actionName":"ChangeColor","action_color":"1ca81e","name":"Action","next":"-1","tru":"True","index":"28304","posX":"34.37695","posY":"-63.41711","minimized":"False","advance_mode":"Instantly","type":"action"},"28357":{"choiceType":"open_response","content":"","owner":"","speaking":"False","prompted":"False","timed":"False","timer":"-1","choices":"-1~~~~False~~none~~true~-~-1~~~~False~~none~~true~-~","variable":"Q_strategy","inputMultiline":"True","openResponseButton":"Background","openResponseTextObject":"strategy_open_box","name":"Player Choice","next":"28360","tru":"True","index":"28357","posX":"25.4627","posY":"-9.829615","minimized":"False","advance_mode":"OnClick","type":"choice"},"28360":{"actionTarget":"strategy_open_box","actionName":"TypeText","action_text":"{Q_strategy}","action_type-speed":"0","name":"Action","next":"28380","tru":"True","index":"28360","posX":"29.35982","posY":"-8.985416","minimized":"False","advance_mode":"Instantly","type":"action"},"28374":{"functionName":"activate_next","takesFocus":"True","name":"Make Function","next":"28377","tru":"True","index":"28374","posX":"35.6823","posY":"8.868219","minimized":"False","advance_mode":"OnClick","type":"customfunction"},"28375":{"actionTarget":"next","actionName":"ChangeColor","action_color":"84D151","name":"Action","next":"28376","tru":"True","index":"28375","posX":"43.36255","posY":"5.869962","minimized":"False","advance_mode":"Instantly","type":"action"},"28376":{"actionTarget":"next","actionName":"ChangeTextColor","action_text-color":"000000","name":"Action","next":"28378","tru":"True","index":"28376","posX":"46.36282","posY":"5.85963","minimized":"False","advance_mode":"Instantly","type":"action"},"28377":{"choices":"29078~~{Q_strategy} = ~-~28375~~true~-~","isRandom":"False","name":"Branch","next":"-1","tru":"True","index":"28377","posX":"39.38121","posY":"9.180801","minimized":"False","advance_mode":"OnClick","type":"if"},"28378":{"functionType":"ActivateEvent","functionDetail":"next","functionDetail2":"","functionDetail3":"","functionDetail4":"","functionDetail5":"","name":"Call Function","next":"-1","tru":"True","index":"28378","posX":"49.63036","posY":"6.665641","minimized":"False","advance_mode":"OnClick","type":"callfunction"},"28380":{"functionType":"CustomFunction","functionDetail":"activate_next","functionDetail2":"","functionDetail3":"","functionDetail4":"","functionDetail5":"","name":"Call Function","next":"-1","tru":"True","index":"28380","posX":"32.8432","posY":"-8.172832","minimized":"False","advance_mode":"OnClick","type":"callfunction"},"29078":{"actionTarget":"next","actionName":"ChangeColor","action_color":"A6A6A6","name":"Action","next":"29079","tru":"True","index":"29078","posX":"43.4723","posY":"10.31526","minimized":"False","advance_mode":"Instantly","type":"action"},"29079":{"actionTarget":"next","actionName":"ChangeTextColor","action_text-color":"FFFFFF","name":"Action","next":"29080","tru":"True","index":"29079","posX":"46.47258","posY":"10.30493","minimized":"False","advance_mode":"Instantly","type":"action"},"29080":{"functionType":"DeactivateEvent","functionDetail":"next","functionDetail2":"","functionDetail3":"","functionDetail4":"","functionDetail5":"","name":"Call Function","next":"-1","tru":"True","index":"29080","posX":"49.7401","posY":"11.11094","minimized":"False","advance_mode":"OnClick","type":"callfunction"}},"scene":{"name":"Scene 1","title":"Page 5","pos":{"x":0.0,"y":0.0,"z":0.0},"uid":"11291","background":"wall_inside_35","furniture":[{"uid":0,"rotation":0.0,"visible":true,"locked":true,"color":"FFFFFF","textcolor":"000000","image":"wall_inside_35","value":0.0,"text":"","fontSize":0,"parentName":"","objectType":0,"thisOC":null,"name":"Background","pos":{"x":0.0,"y":0.0,"z":0.0},"size":{"x":960.0,"y":540.0}},{"uid":1,"rotation":0.0,"visible":true,"locked":false,"color":"A6A6A6","textcolor":"FFFFFF","image":"jeopardy_button_white_1","value":0.0,"text":"Next","fontSize":20,"parentName":"","objectType":1,"thisOC":null,"name":"next","pos":{"x":380.0,"y":-220.0,"z":0.0},"size":{"x":140.0,"y":50.0}},{"uid":2,"rotation":0.0,"visible":true,"locked":true,"color":"74D4ED","textcolor":"FFFFFF","image":"meter_basic_1","value":10.0,"text":"","fontSize":20,"parentName":"","objectType":6,"thisOC":null,"name":"BasicMeter","pos":{"x":-3.81469727E-06,"y":-224.999985,"z":0.0},"size":{"x":500.0,"y":5.0}},{"uid":3,"rotation":0.0,"visible":true,"locked":true,"color":"FFFFFF00","textcolor":"D1D1D1","image":"","value":0.0,"text":"10%","fontSize":15,"parentName":"BasicMeter","objectType":2,"thisOC":null,"name":"progress_text","pos":{"x":-221.151932,"y":10.0012054,"z":0.0},"size":{"x":50.1753235,"y":26.6217651}},{"uid":4,"rotation":0.0,"visible":true,"locked":false,"color":"FFFFFF","textcolor":"000000","image":"button_blank_1","value":0.0,"text":"","fontSize":20,"parentName":"","objectType":1,"thisOC":null,"name":"strategy_open_box","pos":{"x":0.0,"y":9.051987,"z":0.0},"size":{"x":815.734131,"y":316.516266}},{"uid":5,"rotation":0.0,"visible":true,"locked":false,"color":"FFFFFF00","textcolor":"000000","image":"","value":0.0,"text":"5. What was your strategy in playing this game?","fontSize":20,"parentName":"","objectType":2,"thisOC":null,"name":"Question_occupation","pos":{"x":-50.0,"y":195.0,"z":0.0},"size":{"x":750.0,"y":35.6808777}}],"recent_assets":[],"recent_backgrounds":[],"recent_characters":[],"layoutScale":0.5634125,"layoutPosition":{"x":-42.172718,"y":25.24092},"scriptorScale":0.9999997,"scriptorPosition":{"x":-3142.34229,"y":-94.80133},"layoutParamSet":true,"scriptorParamSet":true},"started":false}