{"dictNodes":{"0":{"name":"Start","next":"30681","tru":"True","index":"0","posX":"-4.158889","posY":"0.1927954","minimized":"False","advance_mode":"OnClick","type":"start"},"29706":{"content":"Hello Everyone! ","owner":"Boss","speaking":"True","name":"Dialogue","next":"29708","tru":"True","index":"29706","posX":"3.415957","posY":"1.142212","minimized":"False","advance_mode":"OnClick","type":"dialogue"},"29707":{"content":"Let me introduce you to Kate, our new Supply Chain Director.","owner":"Boss","speaking":"True","name":"Dialogue","next":"29710","tru":"True","index":"29707","posX":"10.64866","posY":"2.988957","minimized":"False","advance_mode":"OnClick","type":"dialogue"},"29708":{"choices":"29707~~{week} = 25~-~29709~~true~-~","isRandom":"False","name":"Branch","next":"-1","tru":"True","index":"29708","posX":"7.096824","posY":"1.973009","minimized":"False","advance_mode":"OnClick","type":"if"},"29709":{"content":"Let's see how we are doing... ","owner":"Boss","speaking":"True","name":"Dialogue","next":"30702","tru":"True","index":"29709","posX":"21.40831","posY":"0.03229809","minimized":"False","advance_mode":"OnClick","type":"dialogue"},"29710":{"content":"Kate! Sophie and Karl are from Accounting.","owner":"Boss","speaking":"True","name":"Dialogue","next":"29711","tru":"True","index":"29710","posX":"13.89455","posY":"2.97744","minimized":"False","advance_mode":"OnClick","type":"dialogue"},"29711":{"content":"We will hold these monthly meetings to go over our status.","owner":"Boss","speaking":"True","name":"Dialogue","next":"29709","tru":"True","index":"29711","posX":"17.16986","posY":"2.985224","minimized":"False","advance_mode":"OnClick","type":"dialogue"},"29712":{"content":"This is our weekly Sales, Cost and Profit.","owner":"Sophie","speaking":"True","name":"Dialogue","next":"30687","tru":"True","index":"29712","posX":"31.25205","posY":"0.3331347","minimized":"False","advance_mode":"OnClick","type":"dialogue"},"30679":{"functionName":"reload_graph","takesFocus":"True","name":"Make Function","next":"30680","tru":"True","index":"30679","posX":"-4.267641","posY":"-6.216767","minimized":"False","advance_mode":"OnClick","type":"customfunction"},"30680":{"functionType":"ReloadImageFromServer","functionDetail":"https://gamettes.me/client/{user_id}/drug_shortage_sales_cost_profit.png","functionDetail2":"","functionDetail3":"","functionDetail4":"","functionDetail5":"","name":"Call Function","next":"30684","tru":"True","index":"30680","posX":"-1.075988","posY":"-6.371339","minimized":"False","advance_mode":"OnClick","type":"callfunction"},"30681":{"functionType":"CustomFunction","functionDetail":"reload_graph","functionDetail2":"","functionDetail3":"","functionDetail4":"","functionDetail5":"","name":"Call Function","next":"29706","tru":"True","index":"30681","posX":"-0.2680312","posY":"0.7584608","minimized":"False","advance_mode":"OnClick","type":"callfunction"},"30684":{"functionType":"ReloadImageFromServer","functionDetail":"https://gamettes.me/client/{user_id}/drug_shortage_inventory_chart_1.png","functionDetail2":"","functionDetail3":"","functionDetail4":"","functionDetail5":"","name":"Call Function","next":"30685","tru":"True","index":"30684","posX":"1.969963","posY":"-6.380894","minimized":"False","advance_mode":"OnClick","type":"callfunction"},"30685":{"functionType":"ReloadImageFromServer","functionDetail":"https://gamettes.me/client/{user_id}/drug_shortage_order_history_1.png","functionDetail2":"","functionDetail3":"","functionDetail4":"","functionDetail5":"","name":"Call Function","next":"30686","tru":"True","index":"30685","posX":"5.074944","posY":"-6.361701","minimized":"False","advance_mode":"OnClick","type":"callfunction"},"30686":{"functionType":"ReloadImageFromServer","functionDetail":"https://gamettes.me/client/{user_id}/drug_shortage_total_demand_1.png","functionDetail2":"","functionDetail3":"","functionDetail4":"","functionDetail5":"","name":"Call Function","next":"-1","tru":"True","index":"30686","posX":"8.202044","posY":"-6.385062","minimized":"False","advance_mode":"OnClick","type":"callfunction"},"30687":{"content":"<i>Click to continue...</i>","owner":null,"speaking":"True","name":"Dialogue","next":"30740","tru":"True","index":"30687","posX":"34.75399","posY":"0.3079816","minimized":"False","advance_mode":"OnClick","type":"dialogue"},"30689":{"content":"This is our inventory level.","owner":"Sophie","speaking":"True","name":"Dialogue","next":"30690","tru":"True","index":"30689","posX":"34.59795","posY":"-5.142904","minimized":"False","advance_mode":"OnClick","type":"dialogue"},"30690":{"content":"<i>Click to continue...</i>","owner":null,"speaking":"True","name":"Dialogue","next":"30704","tru":"True","index":"30690","posX":"38.09033","posY":"-5.084105","minimized":"False","advance_mode":"OnClick","type":"dialogue"},"30691":{"actionTarget":"drug_shortage_sales_cost_profit","actionName":"Visibility","action_hidden":"False","name":"Action","next":"29712","tru":"True","index":"30691","posX":"27.76225","posY":"0.1314214","minimized":"False","advance_mode":"Instantly","type":"action"},"30692":{"actionTarget":"drug_shortage_inventory_chart_1","actionName":"Visibility","action_hidden":"False","name":"Action","next":"30689","tru":"True","index":"30692","posX":"31.30535","posY":"-5.182536","minimized":"False","advance_mode":"Instantly","type":"action"},"30693":{"content":"This shows incoming orders from health-centers.","owner":"Sophie","speaking":"True","name":"Dialogue","next":"30694","tru":"True","index":"30693","posX":"35.5878","posY":"-8.701975","minimized":"False","advance_mode":"OnClick","type":"dialogue"},"30694":{"content":"<i>Click to continue...</i>","owner":null,"speaking":"True","name":"Dialogue","next":"30705","tru":"True","index":"30694","posX":"39.08018","posY":"-8.643175","minimized":"False","advance_mode":"OnClick","type":"dialogue"},"30695":{"actionTarget":"drug_shortage_total_demand_1","actionName":"Visibility","action_hidden":"False","name":"Action","next":"30693","tru":"True","index":"30695","posX":"31.52396","posY":"-9.10692","minimized":"False","advance_mode":"Instantly","type":"action"},"30696":{"actionTarget":"drug_shortage_order_history_1","actionName":"Visibility","action_hidden":"False","name":"Action","next":"30697","tru":"True","index":"30696","posX":"31.56587","posY":"-13.73208","minimized":"False","advance_mode":"Instantly","type":"action"},"30697":{"content":"and finally, this is our order and received shipments history.","owner":"Sophie","speaking":"True","name":"Dialogue","next":"30698","tru":"True","index":"30697","posX":"34.53318","posY":"-13.5071","minimized":"False","advance_mode":"OnClick","type":"dialogue"},"30698":{"content":"<i>Click to continue...</i>","owner":null,"speaking":"True","name":"Dialogue","next":"30707","tru":"True","index":"30698","posX":"37.72234","posY":"-13.25763","minimized":"False","advance_mode":"OnClick","type":"dialogue"},"30699":{"choiceType":"open_response","content":"How do you think we are doing Kate?\n\n<i>(type your answer in the box below)</i>","owner":"Boss","speaking":"True","prompted":"True","timed":"False","timer":"-1","choices":"-1~~~~False~~none~~true~-~","variable":"kate_reflection","inputMultiline":"False","openResponseButton":"","openResponseTextObject":"","name":"Player Choice","next":"30712","tru":"True","index":"30699","posX":"38.43076","posY":"-20.78117","minimized":"False","advance_mode":"OnClick","type":"choice"},"30700":{"actionTarget":"drug_shortage_sales_cost_profit","actionName":"Visibility","action_hidden":"True","name":"Action","next":"30692","tru":"True","index":"30700","posX":"28.01259","posY":"-5.148482","minimized":"False","advance_mode":"Instantly","type":"action"},"30701":{"actionTarget":"drug_shortage_inventory_chart_1","actionName":"Visibility","action_hidden":"True","name":"Action","next":"30695","tru":"True","index":"30701","posX":"28.07597","posY":"-9.134107","minimized":"False","advance_mode":"Instantly","type":"action"},"30702":{"action":"play_sound","clipName":"Click","volume":"1","name":"Sound","next":"30691","tru":"True","index":"30702","posX":"24.62173","posY":"-0.2532939","minimized":"False","advance_mode":"Instantly","type":"sound"},"30703":{"action":"play_sound","clipName":"Click","volume":"1","name":"Sound","next":"30700","tru":"True","index":"30703","posX":"24.87931","posY":"-5.183544","minimized":"False","advance_mode":"Instantly","type":"sound"},"30704":{"action":"play_sound","clipName":"Click","volume":"1","name":"Sound","next":"30701","tru":"True","index":"30704","posX":"24.78826","posY":"-9.417323","minimized":"False","advance_mode":"Instantly","type":"sound"},"30705":{"action":"play_sound","clipName":"Click","volume":"1","name":"Sound","next":"30706","tru":"True","index":"30705","posX":"24.85655","posY":"-14.03806","minimized":"False","advance_mode":"Instantly","type":"sound"},"30706":{"actionTarget":"drug_shortage_total_demand_1","actionName":"Visibility","action_hidden":"True","name":"Action","next":"30696","tru":"True","index":"30706","posX":"28.15449","posY":"-13.763","minimized":"False","advance_mode":"Instantly","type":"action"},"30707":{"content":"Let's take another look at our Loss and Profit.","owner":"Boss","speaking":"True","name":"Dialogue","next":"30710","tru":"True","index":"30707","posX":"41.00375","posY":"-13.47479","minimized":"False","advance_mode":"OnClick","type":"dialogue"},"30708":{"actionTarget":"drug_shortage_sales_cost_profit","actionName":"Visibility","action_hidden":"False","name":"Action","next":"30738","tru":"True","index":"30708","posX":"31.45362","posY":"-18.55704","minimized":"False","advance_mode":"Instantly","type":"action"},"30709":{"actionTarget":"drug_shortage_order_history_1","actionName":"Visibility","action_hidden":"True","name":"Action","next":"30708","tru":"True","index":"30709","posX":"28.2584","posY":"-18.55325","minimized":"False","advance_mode":"Instantly","type":"action"},"30710":{"action":"play_sound","clipName":"Click","volume":"1","name":"Sound","next":"30709","tru":"True","index":"30710","posX":"24.89289","posY":"-18.81479","minimized":"False","advance_mode":"Instantly","type":"sound"},"30712":{"content":"Good to know!","owner":"Boss","speaking":"True","name":"Dialogue","next":"30713","tru":"True","index":"30712","posX":"41.81941","posY":"-19.84107","minimized":"False","advance_mode":"OnClick","type":"dialogue"},"30713":{"content":"Let's get back to work!","owner":"Boss","speaking":"True","name":"Dialogue","next":"30727","tru":"True","index":"30713","posX":"44.91734","posY":"-19.86096","minimized":"False","advance_mode":"OnClick","type":"dialogue"},"30714":{"nextScript":"Week 2","transitionText":"Week {week} ...","variablePairs":"","name":"end","next":"-1","tru":"True","index":"30714","posX":"54.86919","posY":"-19.57346","minimized":"False","advance_mode":"OnClick","type":"end"},"30720":{"actionTarget":"Kate","actionName":"Visibility","action_hidden":"True","name":"Action","next":"30722","tru":"True","index":"30720","posX":"2.053082","posY":"-26.63336","minimized":"False","advance_mode":"Instantly","type":"action"},"30721":{"functionName":"all_leave","takesFocus":"True","name":"Make Function","next":"30720","tru":"True","index":"30721","posX":"-1.35416","posY":"-26.04507","minimized":"False","advance_mode":"OnClick","type":"customfunction"},"30722":{"actionTarget":"female_17","actionName":"Visibility","action_hidden":"False","name":"Action","next":"30723","tru":"True","index":"30722","posX":"5.277236","posY":"-26.6378","minimized":"False","advance_mode":"Instantly","type":"action"},"30723":{"actionTarget":"Sophie","actionName":"Visibility","action_hidden":"True","name":"Action","next":"30724","tru":"True","index":"30723","posX":"8.484107","posY":"-26.65904","minimized":"False","advance_mode":"Instantly","type":"action"},"30724":{"actionTarget":"female_4","actionName":"Visibility","action_hidden":"False","name":"Action","next":"30728","tru":"True","index":"30724","posX":"11.55293","posY":"-26.69091","minimized":"False","advance_mode":"Instantly","type":"action"},"30727":{"actionTarget":"drug_shortage_sales_cost_profit","actionName":"Visibility","action_hidden":"True","name":"Action","next":"30736","tru":"True","index":"30727","posX":"48.30706","posY":"-20.03238","minimized":"False","advance_mode":"Instantly","type":"action"},"30728":{"actionTarget":"Karl","actionName":"Visibility","action_hidden":"True","name":"Action","next":"30729","tru":"True","index":"30728","posX":"14.75414","posY":"-26.64477","minimized":"False","advance_mode":"Instantly","type":"action"},"30729":{"actionTarget":"Karl_stand","actionName":"Visibility","action_hidden":"False","name":"Action","next":"30730","tru":"True","index":"30729","posX":"17.82296","posY":"-26.67664","minimized":"False","advance_mode":"Instantly","type":"action"},"30730":{"actionTarget":"female_17","actionName":"Flip","action_horizontal":"True","action_vertical":"False","name":"Action","next":"30731","tru":"True","index":"30730","posX":"5.428246","posY":"-30.67596","minimized":"False","advance_mode":"WhenCompleted","type":"action"},"30731":{"actionTarget":"Karl_stand","actionName":"Flip","action_horizontal":"True","action_vertical":"False","name":"Action","next":"30732","tru":"True","index":"30731","posX":"8.643484","posY":"-30.66006","minimized":"False","advance_mode":"WhenCompleted","type":"action"},"30732":{"actionTarget":"female_17","actionName":"MoveTo","action_y-position":"-109.68","action_x-position":"-520","action_time":"2","action_easing":"ease_in_out_quad","name":"Action","next":"30733","tru":"True","index":"30732","posX":"11.86989","posY":"-32.30398","minimized":"False","advance_mode":"AfterTime_0.5","type":"action"},"30733":{"actionTarget":"Karl_stand","actionName":"MoveTo","action_y-position":"-109.68","action_x-position":"-520","action_time":"2","action_easing":"ease_in_out_quad","name":"Action","next":"30734","tru":"True","index":"30733","posX":"15.18102","posY":"-31.85993","minimized":"False","advance_mode":"Instantly","type":"action"},"30734":{"actionTarget":"female_4","actionName":"MoveTo","action_y-position":"-109.68","action_x-position":"-520","action_time":"2.5","action_easing":"ease_in_out_quad","name":"Action","next":"-1","tru":"True","index":"30734","posX":"18.357","posY":"-32.28469","minimized":"False","advance_mode":"AfterTime_2","type":"action"},"30736":{"functionType":"CustomFunction","functionDetail":"all_leave","functionDetail2":"","functionDetail3":"","functionDetail4":"","functionDetail5":"","name":"Call Function","next":"30714","tru":"True","index":"30736","posX":"51.53555","posY":"-19.41759","minimized":"False","advance_mode":"OnClick","type":"callfunction"},"30738":{"content":"<i>Click to continue...</i>","owner":null,"speaking":"True","name":"Dialogue","next":"30699","tru":"True","index":"30738","posX":"34.71732","posY":"-18.03399","minimized":"False","advance_mode":"OnClick","type":"dialogue"},"30740":{"content":"Overall, we have made ${TotalSalesCum} revenue and incurred ${costTotalCum} cost. So, our net profit is ${profit}","owner":"Sophie","speaking":"True","name":"Dialogue","next":"30703","tru":"True","index":"30740","posX":"37.96279","posY":"0.07572556","minimized":"False","advance_mode":"OnClick","type":"dialogue"}},"scene":{"name":"Scene 1","title":"Report Meeting","pos":{"x":0.0,"y":0.0,"z":0.0},"uid":"9763","background":"bricks_1","furniture":[{"uid":0,"rotation":0.0,"visible":true,"locked":true,"color":"FFFFFF","textcolor":"000000","image":"bricks_1","value":0.0,"text":"","fontSize":0,"parentName":"","objectType":3,"thisOC":null,"name":"Background","pos":{"x":0.0,"y":0.0,"z":0.0},"size":{"x":960.0,"y":540.0}},{"uid":1,"rotation":0.0,"visible":true,"locked":true,"color":"FFFFFF","textcolor":"000000","image":"electric_plug_1","value":0.0,"text":"","fontSize":0,"parentName":"","objectType":0,"thisOC":null,"name":"electric_plug_1","pos":{"x":294.085358,"y":-116.555054,"z":0.0},"size":{"x":17.0943928,"y":25.012785}},{"uid":2,"rotation":0.0,"visible":true,"locked":true,"color":"FFFFFF","textcolor":"000000","image":"plant_3","value":0.0,"text":"","fontSize":0,"parentName":"","objectType":0,"thisOC":null,"name":"plant_3","pos":{"x":-377.578064,"y":-76.526474,"z":0.0},"size":{"x":144.164413,"y":216.042908}},{"uid":3,"rotation":0.0,"visible":true,"locked":true,"color":"FFFFFF","textcolor":"000000","image":"plant_3","value":0.0,"text":"","fontSize":0,"parentName":"","objectType":0,"thisOC":null,"name":"plant_3(1)","pos":{"x":382.164764,"y":-71.90094,"z":0.0},"size":{"x":144.164413,"y":216.042908}},{"uid":4,"rotation":0.0,"visible":true,"locked":true,"color":"FFFFFF","textcolor":"000000","image":"frame_8","value":0.0,"text":"","fontSize":0,"parentName":"","objectType":0,"thisOC":null,"name":"frame_8","pos":{"x":-330.72522,"y":138.765839,"z":0.0},"size":{"x":100.0,"y":121.0}},{"uid":5,"rotation":0.0,"visible":true,"locked":true,"color":"FFFFFF","textcolor":"000000","image":"jeopardy_whiteboard_1","value":0.0,"text":"","fontSize":0,"parentName":"","objectType":0,"thisOC":null,"name":"jeopardy_whiteboard_1","pos":{"x":0.0,"y":126.85,"z":0.0},"size":{"x":405.152679,"y":208.555008}},{"uid":6,"rotation":0.0,"visible":true,"locked":true,"color":"000000","textcolor":"000000","image":"panel_blank_1","value":0.0,"text":"","fontSize":0,"parentName":"","objectType":3,"thisOC":null,"name":"panel_blank_1","pos":{"x":0.0,"y":126.840775,"z":0.0},"size":{"x":394.976471,"y":197.615509}},{"uid":7,"rotation":0.0,"visible":true,"locked":true,"color":"FFFFFF","textcolor":"000000","image":"male_middle_age_2","value":0.0,"text":"","fontSize":0,"parentName":"","objectType":4,"thisOC":null,"name":"Boss","pos":{"x":237.6769,"y":-66.62284,"z":0.0},"size":{"x":-84.04908,"y":301.9904}},{"uid":8,"rotation":0.0,"visible":true,"locked":true,"color":"FFFFFF","textcolor":"000000","image":"chair_4","value":0.0,"text":"","fontSize":0,"parentName":"","objectType":0,"thisOC":null,"name":"chair_4(1)","pos":{"x":-145.884232,"y":-136.899063,"z":0.0},"size":{"x":91.7061844,"y":171.946335}},{"uid":9,"rotation":0.0,"visible":true,"locked":true,"color":"FFFFFF","textcolor":"000000","image":"male_sitting_6","value":0.0,"text":"","fontSize":0,"parentName":"","objectType":4,"thisOC":null,"name":"Karl","pos":{"x":-124.337189,"y":-75.26451,"z":0.0},"size":{"x":117.424591,"y":254.265686}},{"uid":10,"rotation":0.0,"visible":false,"locked":true,"color":"FFFFFF","textcolor":"000000","image":"male_7","value":0.0,"text":"","fontSize":0,"parentName":"","objectType":4,"thisOC":null,"name":"Karl_stand","pos":{"x":-101.828606,"y":-65.92746,"z":0.0},"size":{"x":74.0,"y":274.0}},{"uid":11,"rotation":0.0,"visible":true,"locked":true,"color":"FFFFFF","textcolor":"000000","image":"table_1","value":0.0,"text":"","fontSize":0,"parentName":"","objectType":0,"thisOC":null,"name":"table_1","pos":{"x":-1.7528553,"y":-178.821625,"z":0.0},"size":{"x":447.800934,"y":134.300354}},{"uid":12,"rotation":0.0,"visible":true,"locked":true,"color":"FFFFFF","textcolor":"000000","image":"chair_4","value":0.0,"text":"","fontSize":0,"parentName":"","objectType":0,"thisOC":null,"name":"chair_4","pos":{"x":171.093735,"y":-163.666824,"z":0.0},"size":{"x":-97.72984,"y":171.1318}},{"uid":13,"rotation":0.0,"visible":true,"locked":true,"color":"FFFFFF","textcolor":"000000","image":"female_sitting_4","value":0.0,"text":"","fontSize":0,"parentName":"","objectType":4,"thisOC":null,"name":"Sophie","pos":{"x":159.9768,"y":-83.3198242,"z":0.0},"size":{"x":-139.312988,"y":327.988739}},{"uid":14,"rotation":0.0,"visible":true,"locked":true,"color":"FFFFFF","textcolor":"000000","image":"chair_4","value":0.0,"text":"","fontSize":0,"parentName":"","objectType":0,"thisOC":null,"name":"chair_4(2)","pos":{"x":-209.217117,"y":-159.770233,"z":0.0},"size":{"x":96.66869,"y":187.22876}},{"uid":15,"rotation":0.0,"visible":true,"locked":true,"color":"FFFFFF","textcolor":"000000","image":"female_sitting_17","value":0.0,"text":"","fontSize":0,"parentName":"","objectType":4,"thisOC":null,"name":"Kate","pos":{"x":-195.26561,"y":-86.36138,"z":0.0},"size":{"x":132.413437,"y":321.90567}},{"uid":16,"rotation":0.0,"visible":true,"locked":true,"color":"FFFFFF","textcolor":"000000","image":"glass_1","value":0.0,"text":"","fontSize":0,"parentName":"","objectType":0,"thisOC":null,"name":"glass_1","pos":{"x":-111.695496,"y":-101.033966,"z":0.0},"size":{"x":22.69044,"y":33.8761253}},{"uid":17,"rotation":0.0,"visible":true,"locked":true,"color":"FFFFFF","textcolor":"000000","image":"glass_1","value":0.0,"text":"","fontSize":0,"parentName":"","objectType":0,"thisOC":null,"name":"glass_1(1)","pos":{"x":-71.26265,"y":-98.0982,"z":0.0},"size":{"x":22.69044,"y":33.8761253}},{"uid":18,"rotation":0.0,"visible":true,"locked":true,"color":"FFFFFF","textcolor":"000000","image":"keyboard_mouse_1","value":0.0,"text":"","fontSize":0,"parentName":"","objectType":0,"thisOC":null,"name":"keyboard_mouse_1","pos":{"x":86.01187,"y":-111.20726,"z":0.0},"size":{"x":100.0,"y":5.89483643}},{"uid":19,"rotation":0.0,"visible":false,"locked":true,"color":"FFFFFF","textcolor":"000000","image":"Study 2 Network","value":0.0,"text":"","fontSize":0,"parentName":"","objectType":0,"thisOC":null,"name":"Study 2 Network","pos":{"x":0.0,"y":127.2,"z":0.0},"size":{"x":388.1258,"y":181.690628}},{"uid":20,"rotation":0.0,"visible":false,"locked":true,"color":"FFFFFF","textcolor":"000000","image":"drug_shortage_sales_cost_profit","value":0.0,"text":"","fontSize":0,"parentName":"","objectType":0,"thisOC":null,"name":"drug_shortage_sales_cost_profit","pos":{"x":0.0,"y":127.0,"z":0.0},"size":{"x":311.077271,"y":186.646286}},{"uid":21,"rotation":0.0,"visible":false,"locked":true,"color":"FFFFFF","textcolor":"000000","image":"drug_shortage_total_demand_1","value":0.0,"text":"","fontSize":0,"parentName":"","objectType":0,"thisOC":null,"name":"drug_shortage_total_demand_1","pos":{"x":0.0,"y":127.0,"z":0.0},"size":{"x":232.275375,"y":186.547684}},{"uid":22,"rotation":0.0,"visible":false,"locked":true,"color":"FFFFFF","textcolor":"000000","image":"drug_shortage_order_history_1","value":0.0,"text":"","fontSize":0,"parentName":"","objectType":0,"thisOC":null,"name":"drug_shortage_order_history_1","pos":{"x":0.0,"y":127.0,"z":0.0},"size":{"x":235.152756,"y":186.635345}},{"uid":23,"rotation":0.0,"visible":false,"locked":true,"color":"FFFFFF","textcolor":"000000","image":"drug_shortage_inventory_chart_1","value":0.0,"text":"","fontSize":0,"parentName":"","objectType":0,"thisOC":null,"name":"drug_shortage_inventory_chart_1","pos":{"x":0.0,"y":127.0,"z":0.0},"size":{"x":233.418961,"y":186.188766}},{"uid":24,"rotation":0.0,"visible":false,"locked":true,"color":"FFFFFF","textcolor":"000000","image":"female_17","value":0.0,"text":"","fontSize":0,"parentName":"","objectType":4,"thisOC":null,"name":"female_17","pos":{"x":-174.016,"y":-109.684341,"z":0.0},"size":{"x":74.9528046,"y":298.74057}},{"uid":25,"rotation":0.0,"visible":false,"locked":true,"color":"FFFFFF","textcolor":"000000","image":"female_4","value":0.0,"text":"","fontSize":0,"parentName":"","objectType":4,"thisOC":null,"name":"female_4","pos":{"x":151.969818,"y":-99.40098,"z":0.0},"size":{"x":-84.53368,"y":309.604645}}],"recent_assets":["Text","Text","Text","address_book_1","Text","button_info_1","button_basic_1"],"recent_backgrounds":[],"recent_characters":[],"layoutScale":0.826446235,"layoutPosition":{"x":-10.5787144,"y":-22.7271461},"scriptorScale":1.0,"scriptorPosition":{"x":-3311.03271,"y":-58.4210777},"layoutParamSet":true,"scriptorParamSet":true},"started":false}